name,zone,minPrice,maxPrice,avgPrice,tagline,employment,transit,socialInfra,outlook
"Whitefield","East Bangalore",14500,21000,17750,"Whitefield Corridor","Prime tech park connectivity","Metro & highway access","Established schools & healthcare","High resale liquidity & appreciation potential"
"Varthur","East Bangalore",12500,16500,14500,"Varthur Corridor","Prime tech park connectivity","Metro & highway access","Established schools & healthcare","High resale liquidity & appreciation potential"
"Budigere Cross","East Bangalore",9999,14000,12000,"Budigere Cross Corridor","Prime tech park connectivity","Metro & highway access","Established schools & healthcare","High resale liquidity & appreciation potential"
"KR Puram","East Bangalore",9500,14000,11500,"KR Puram Corridor","Prime tech park connectivity","Metro & highway access","Established schools & healthcare","High resale liquidity & appreciation potential"
"Mahadevapura","East Bangalore",11000,16500,13500,"Mahadevapura Corridor","Prime tech park connectivity","Metro & highway access","Established schools & healthcare","High resale liquidity & appreciation potential"
"Indiranagar","East Bangalore",18000,32000,24000,"Indiranagar Corridor","Prime tech park connectivity","Metro & highway access","Established schools & healthcare","High resale liquidity & appreciation potential"
"Koramangala","East Bangalore",16500,30000,22000,"Koramangala Corridor","Prime tech park connectivity","Metro & highway access","Established schools & healthcare","High resale liquidity & appreciation potential"
"Brookefield","East Bangalore",12000,17500,14500,"Brookefield Corridor","Prime tech park connectivity","Metro & highway access","Established schools & healthcare","High resale liquidity & appreciation potential"
"Marathahalli","East Bangalore",11000,16500,13500,"Marathahalli Corridor","Prime tech park connectivity","Metro & highway access","Established schools & healthcare","High resale liquidity & appreciation potential"
"Panathur","East Bangalore",11000,15500,13000,"Panathur Corridor","Prime tech park connectivity","Metro & highway access","Established schools & healthcare","High resale liquidity & appreciation potential"
"Sarjapur Road","East Bangalore",11000,17500,13800,"Sarjapur Road Corridor","Prime tech park connectivity","Metro & highway access","Established schools & healthcare","High resale liquidity & appreciation potential"
"Bellandur","East Bangalore",12500,19500,15500,"Bellandur Corridor","Prime tech park connectivity","Metro & highway access","Established schools & healthcare","High resale liquidity & appreciation potential"
"HSR Layout","East Bangalore",14000,24000,18500,"HSR Layout Corridor","Prime tech park connectivity","Metro & highway access","Established schools & healthcare","High resale liquidity & appreciation potential"
"Hoskote","East Bangalore",6000,9500,7500,"Hoskote Corridor","Prime tech park connectivity","Metro & highway access","Established schools & healthcare","High resale liquidity & appreciation potential"
"Old Madras Road (OMR)","East Bangalore",9500,14500,11800,"Old Madras Road (OMR) Corridor","Prime tech park connectivity","Metro & highway access","Established schools & healthcare","High resale liquidity & appreciation potential"
"UB City / Lavelle Road","Central Bangalore",28000,48000,36000,"UB City / Lavelle Road Corridor","Prime tech park connectivity","Metro & highway access","Established schools & healthcare","High resale liquidity & appreciation potential"
"MG Road / Residency Road","Central Bangalore",22000,38000,29000,"MG Road / Residency Road Corridor","Prime tech park connectivity","Metro & highway access","Established schools & healthcare","High resale liquidity & appreciation potential"
"Richmond Town","Central Bangalore",20000,34000,26000,"Richmond Town Corridor","Prime tech park connectivity","Metro & highway access","Established schools & healthcare","High resale liquidity & appreciation potential"
"Frazer Town / Pulakeshinagar","Central Bangalore",15000,25000,19500,"Frazer Town / Pulakeshinagar Corridor","Prime tech park connectivity","Metro & highway access","Established schools & healthcare","High resale liquidity & appreciation potential"
"Vasanthnagar / Cunningham Road","Central Bangalore",22000,38000,29000,"Vasanthnagar / Cunningham Road Corridor","Prime tech park connectivity","Metro & highway access","Established schools & healthcare","High resale liquidity & appreciation potential"
"Sadashivanagar","Central Bangalore",25000,42000,32000,"Sadashivanagar Corridor","Prime tech park connectivity","Metro & highway access","Established schools & healthcare","High resale liquidity & appreciation potential"
"Hebbal","North Bangalore",13000,21500,16500,"Hebbal Corridor","Prime tech park connectivity","Metro & highway access","Established schools & healthcare","High resale liquidity & appreciation potential"
"Thanisandra","North Bangalore",10000,15800,12500,"Thanisandra Corridor","Prime tech park connectivity","Metro & highway access","Established schools & healthcare","High resale liquidity & appreciation potential"
"Yelahanka","North Bangalore",9000,14000,11000,"Yelahanka Corridor","Prime tech park connectivity","Metro & highway access","Established schools & healthcare","High resale liquidity & appreciation potential"
"Jakkur","North Bangalore",11000,17000,13500,"Jakkur Corridor","Prime tech park connectivity","Metro & highway access","Established schools & healthcare","High resale liquidity & appreciation potential"
"Hennur Road","North Bangalore",9500,15000,11800,"Hennur Road Corridor","Prime tech park connectivity","Metro & highway access","Established schools & healthcare","High resale liquidity & appreciation potential"
"Devanahalli","North Bangalore",7500,12500,9500,"Devanahalli Corridor","Prime tech park connectivity","Metro & highway access","Established schools & healthcare","High resale liquidity & appreciation potential"
"Kogilu / Doddaballapur Road","North Bangalore",8000,12200,9800,"Kogilu / Doddaballapur Road Corridor","Prime tech park connectivity","Metro & highway access","Established schools & healthcare","High resale liquidity & appreciation potential"
"Jayanagar","South Bangalore",15500,27500,20500,"Jayanagar Corridor","Prime tech park connectivity","Metro & highway access","Established schools & healthcare","High resale liquidity & appreciation potential"
"JP Nagar","South Bangalore",12000,20500,15500,"JP Nagar Corridor","Prime tech park connectivity","Metro & highway access","Established schools & healthcare","High resale liquidity & appreciation potential"
"Bannersghatta Road","South Bangalore",10000,16500,12800,"Bannersghatta Road Corridor","Prime tech park connectivity","Metro & highway access","Established schools & healthcare","High resale liquidity & appreciation potential"
"Electronic City Phase 1","South Bangalore",7800,12000,9500,"Electronic City Phase 1 Corridor","Prime tech park connectivity","Metro & highway access","Established schools & healthcare","High resale liquidity & appreciation potential"
"Electronic City Phase 2","South Bangalore",7000,10800,8500,"Electronic City Phase 2 Corridor","Prime tech park connectivity","Metro & highway access","Established schools & healthcare","High resale liquidity & appreciation potential"
"Kanukapura Road","South Bangalore",9500,15000,11800,"Kanukapura Road Corridor","Prime tech park connectivity","Metro & highway access","Established schools & healthcare","High resale liquidity & appreciation potential"
"Banashankari","South Bangalore",11500,18500,14500,"Banashankari Corridor","Prime tech park connectivity","Metro & highway access","Established schools & healthcare","High resale liquidity & appreciation potential"
"BTM Layout","South Bangalore",12000,19500,15000,"BTM Layout Corridor","Prime tech park connectivity","Metro & highway access","Established schools & healthcare","High resale liquidity & appreciation potential"
"Malleshwaram","West Bangalore",16500,29000,22000,"Malleshwaram Corridor","Prime tech park connectivity","Metro & highway access","Established schools & healthcare","High resale liquidity & appreciation potential"
"Rajajinagar","West Bangalore",15000,26000,19500,"Rajajinagar Corridor","Prime tech park connectivity","Metro & highway access","Established schools & healthcare","High resale liquidity & appreciation potential"
"Yeshwanthpur","West Bangalore",12000,20000,15500,"Yeshwanthpur Corridor","Prime tech park connectivity","Metro & highway access","Established schools & healthcare","High resale liquidity & appreciation potential"
"Vijayanagar","West Bangalore",11000,17800,13800,"Vijayanagar Corridor","Prime tech park connectivity","Metro & highway access","Established schools & healthcare","High resale liquidity & appreciation potential"
"Kengeri / Mysore Road","West Bangalore",7000,11200,8800,"Kengeri / Mysore Road Corridor","Prime tech park connectivity","Metro & highway access","Established schools & healthcare","High resale liquidity & appreciation potential"
"Tumkur Road / Peenya","West Bangalore",6800,11000,8500,"Tumkur Road / Peenya Corridor","Prime tech park connectivity","Metro & highway access","Established schools & healthcare","High resale liquidity & appreciation potential"
"Sanjay Nagar","North Bangalore",11000,17500,13800,"Sanjay Nagar Corridor","Prime tech park connectivity","Metro & highway access","Established schools & healthcare","High resale liquidity & appreciation potential"
"RT Nagar","North Bangalore",11000,18000,14000,"RT Nagar Corridor","Prime tech park connectivity","Metro & highway access","Established schools & healthcare","High resale liquidity & appreciation potential"
"Mathikere","North Bangalore",9200,15000,11800,"Mathikere Corridor","Prime tech park connectivity","Metro & highway access","Established schools & healthcare","High resale liquidity & appreciation potential"
"Gorguntepalya","North Bangalore",10500,17500,13500,"Gorguntepalya Corridor","Prime tech park connectivity","Metro & highway access","Established schools & healthcare","High resale liquidity & appreciation potential"
"HBR Layout","North Bangalore",10000,16000,12500,"HBR Layout Corridor","Prime tech park connectivity","Metro & highway access","Established schools & healthcare","High resale liquidity & appreciation potential"
"Banaswadi","East Bangalore",10000,15500,12500,"Banaswadi Corridor","Prime tech park connectivity","Metro & highway access","Established schools & healthcare","High resale liquidity & appreciation potential"
"Lingarajapuram","East Bangalore",9000,13500,11000,"Lingarajapuram Corridor","Prime tech park connectivity","Metro & highway access","Established schools & healthcare","High resale liquidity & appreciation potential"
"Horamavu","East Bangalore",7500,12000,9500,"Horamavu Corridor","Prime tech park connectivity","Metro & highway access","Established schools & healthcare","High resale liquidity & appreciation potential"
"Kalkere","East Bangalore",7200,11500,9000,"Kalkere Corridor","Prime tech park connectivity","Metro & highway access","Established schools & healthcare","High resale liquidity & appreciation potential"
"Ramamurthy Nagar","East Bangalore",8000,12500,10000,"Ramamurthy Nagar Corridor","Prime tech park connectivity","Metro & highway access","Established schools & healthcare","High resale liquidity & appreciation potential"
"Margondanahalli","East Bangalore",6500,10200,8200,"Margondanahalli Corridor","Prime tech park connectivity","Metro & highway access","Established schools & healthcare","High resale liquidity & appreciation potential"
"CV Raman Nagar","East Bangalore",12000,18000,14500,"CV Raman Nagar Corridor","Prime tech park connectivity","Metro & highway access","Established schools & healthcare","High resale liquidity & appreciation potential"
"Domlur","East Bangalore",14500,24000,18500,"Domlur Corridor","Prime tech park connectivity","Metro & highway access","Established schools & healthcare","High resale liquidity & appreciation potential"
"Cox Town","Central Bangalore",14000,23000,18000,"Cox Town Corridor","Prime tech park connectivity","Metro & highway access","Established schools & healthcare","High resale liquidity & appreciation potential"
"Cooke Town","Central Bangalore",15000,25000,19500,"Cooke Town Corridor","Prime tech park connectivity","Metro & highway access","Established schools & healthcare","High resale liquidity & appreciation potential"
"Benson Town","Central Bangalore",15500,26000,20000,"Benson Town Corridor","Prime tech park connectivity","Metro & highway access","Established schools & healthcare","High resale liquidity & appreciation potential"
"Majestic / City Railway Station","Central Bangalore",13500,22500,17500,"Majestic / City Railway Station Corridor","Prime tech park connectivity","Metro & highway access","Established schools & healthcare","High resale liquidity & appreciation potential"
"Chickpet","Central Bangalore",16000,28000,21000,"Chickpet Corridor","Prime tech park connectivity","Metro & highway access","Established schools & healthcare","High resale liquidity & appreciation potential"
"Seshadripuram","Central Bangalore",15500,26500,20500,"Seshadripuram Corridor","Prime tech park connectivity","Metro & highway access","Established schools & healthcare","High resale liquidity & appreciation potential"
"Ashok Nagar","Central Bangalore",21000,36000,28000,"Ashok Nagar Corridor","Prime tech park connectivity","Metro & highway access","Established schools & healthcare","High resale liquidity & appreciation potential"
"Shanti Nagar","Central Bangalore",19000,32000,25000,"Shanti Nagar Corridor","Prime tech park connectivity","Metro & highway access","Established schools & healthcare","High resale liquidity & appreciation potential"
"Adugodi","South Bangalore",13000,21000,16500,"Adugodi Corridor","Prime tech park connectivity","Metro & highway access","Established schools & healthcare","High resale liquidity & appreciation potential"
"Ejipura","East Bangalore",11500,18500,14500,"Ejipura Corridor","Prime tech park connectivity","Metro & highway access","Established schools & healthcare","High resale liquidity & appreciation potential"
"Basavanagudi","South Bangalore",15000,26000,19500,"Basavanagudi Corridor","Prime tech park connectivity","Metro & highway access","Established schools & healthcare","High resale liquidity & appreciation potential"
"Karthik Nagar","East Bangalore",11500,16800,13800,"Karthik Nagar Corridor","Prime tech park connectivity","Metro & highway access","Established schools & healthcare","High resale liquidity & appreciation potential"
"Kadubeesanahalli","East Bangalore",13000,19500,15800,"Kadubeesanahalli Corridor","Prime tech park connectivity","Metro & highway access","Established schools & healthcare","High resale liquidity & appreciation potential"
"Basaveshwara Nagar","West Bangalore",11800,19500,15000,"Basaveshwara Nagar Corridor","Prime tech park connectivity","Metro & highway access","Established schools & healthcare","High resale liquidity & appreciation potential"
"Nandini Layout","West Bangalore",10000,17000,13000,"Nandini Layout Corridor","Prime tech park connectivity","Metro & highway access","Established schools & healthcare","High resale liquidity & appreciation potential"
"Hoodi","East Bangalore",14500,19500,18000,"Hoodi Corridor","Prime tech park connectivity","Metro & highway access","Established schools & healthcare","High resale liquidity & appreciation potential"
"Kadugodi","East Bangalore",14500,16500,15500,"Kadugodi Corridor","Prime tech park connectivity","Metro & highway access","Established schools & healthcare","High resale liquidity & appreciation potential"
"Gunjur","East Bangalore",10000,14500,12000,"Gunjur Corridor","Prime tech park connectivity","Metro & highway access","Established schools & healthcare","High resale liquidity & appreciation potential"
"Kumaraswamy Layout","South Bangalore",9500,15500,12000,"Kumaraswamy Layout Corridor","Prime tech park connectivity","Metro & highway access","Established schools & healthcare","High resale liquidity & appreciation potential"
"Giri Nagar","South Bangalore",10500,17500,13500,"Giri Nagar Corridor","Prime tech park connectivity","Metro & highway access","Established schools & healthcare","High resale liquidity & appreciation potential"
"Rajarajeshwari Nagar (RR Nagar)","West Bangalore",8800,14500,11200,"Rajarajeshwari Nagar (RR Nagar) Corridor","Prime tech park connectivity","Metro & highway access","Established schools & healthcare","High resale liquidity & appreciation potential"
"Nagarbhavi","West Bangalore",9500,15500,12000,"Nagarbhavi Corridor","Prime tech park connectivity","Metro & highway access","Established schools & healthcare","High resale liquidity & appreciation potential"
"Sahakar Nagar","North Bangalore",11500,18500,14500,"Sahakar Nagar Corridor","Prime tech park connectivity","Metro & highway access","Established schools & healthcare","High resale liquidity & appreciation potential"
"Vidyaranyapura","North Bangalore",8200,13500,10500,"Vidyaranyapura Corridor","Prime tech park connectivity","Metro & highway access","Established schools & healthcare","High resale liquidity & appreciation potential"
"Yelahanka New Town","North Bangalore",9000,14500,11500,"Yelahanka New Town Corridor","Prime tech park connectivity","Metro & highway access","Established schools & healthcare","High resale liquidity & appreciation potential"
"Sarjapur Town","East Bangalore",6800,11000,8500,"Sarjapur Town Corridor","Prime tech park connectivity","Metro & highway access","Established schools & healthcare","High resale liquidity & appreciation potential"
"Dommasandra","East Bangalore",8000,12200,9800,"Dommasandra Corridor","Prime tech park connectivity","Metro & highway access","Established schools & healthcare","High resale liquidity & appreciation potential"
"Channasandra","East Bangalore",9500,14000,11500,"Channasandra Corridor","Prime tech park connectivity","Metro & highway access","Established schools & healthcare","High resale liquidity & appreciation potential"
"Seegehalli","East Bangalore",9000,13500,11000,"Seegehalli Corridor","Prime tech park connectivity","Metro & highway access","Established schools & healthcare","High resale liquidity & appreciation potential"
"Avalahalli (OMR)","East Bangalore",7500,11000,9000,"Avalahalli (OMR) Corridor","Prime tech park connectivity","Metro & highway access","Established schools & healthcare","High resale liquidity & appreciation potential"
"Kannamangala","East Bangalore",8500,13000,10500,"Kannamangala Corridor","Prime tech park connectivity","Metro & highway access","Established schools & healthcare","High resale liquidity & appreciation potential"
"Murugeshpalya","East Bangalore",11500,18500,14500,"Murugeshpalya Corridor","Prime tech park connectivity","Metro & highway access","Established schools & healthcare","High resale liquidity & appreciation potential"
"HAL Layout / Wind Tunnel Rd","East Bangalore",13000,21000,16500,"HAL Layout / Wind Tunnel Rd Corridor","Prime tech park connectivity","Metro & highway access","Established schools & healthcare","High resale liquidity & appreciation potential"
"Mugalur","East Bangalore",5800,9000,7200,"Mugalur Corridor","Prime tech park connectivity","Metro & highway access","Established schools & healthcare","High resale liquidity & appreciation potential"
"Bagalur","North Bangalore",7800,12500,9800,"Bagalur Corridor","Prime tech park connectivity","Metro & highway access","Established schools & healthcare","High resale liquidity & appreciation potential"
"KIADB Aerospace Park","North Bangalore",8200,13500,10500,"KIADB Aerospace Park Corridor","Prime tech park connectivity","Metro & highway access","Established schools & healthcare","High resale liquidity & appreciation potential"
"Doddaballapur","North Bangalore",5000,8500,6500,"Doddaballapur Corridor","Prime tech park connectivity","Metro & highway access","Established schools & healthcare","High resale liquidity & appreciation potential"
"Chikkajala","North Bangalore",7500,12200,9500,"Chikkajala Corridor","Prime tech park connectivity","Metro & highway access","Established schools & healthcare","High resale liquidity & appreciation potential"
"Shettigere","North Bangalore",8000,13000,10200,"Shettigere Corridor","Prime tech park connectivity","Metro & highway access","Established schools & healthcare","High resale liquidity & appreciation potential"
"Kalyan Nagar / HRBR Layout","North Bangalore",11800,19000,14800,"Kalyan Nagar / HRBR Layout Corridor","Prime tech park connectivity","Metro & highway access","Established schools & healthcare","High resale liquidity & appreciation potential"
"Nagavara","North Bangalore",10500,16500,13000,"Nagavara Corridor","Prime tech park connectivity","Metro & highway access","Established schools & healthcare","High resale liquidity & appreciation potential"
"Amruthahalli","North Bangalore",9500,14800,11800,"Amruthahalli Corridor","Prime tech park connectivity","Metro & highway access","Established schools & healthcare","High resale liquidity & appreciation potential"
"Kogilu","North Bangalore",8200,13000,10200,"Kogilu Corridor","Prime tech park connectivity","Metro & highway access","Established schools & healthcare","High resale liquidity & appreciation potential"
"Hesaraghatta","North Bangalore",5200,8800,6800,"Hesaraghatta Corridor","Prime tech park connectivity","Metro & highway access","Established schools & healthcare","High resale liquidity & appreciation potential"
"Abbigere","North Bangalore",7000,11000,8800,"Abbigere Corridor","Prime tech park connectivity","Metro & highway access","Established schools & healthcare","High resale liquidity & appreciation potential"
"Chikkabanavara","North Bangalore",6200,9800,7800,"Chikkabanavara Corridor","Prime tech park connectivity","Metro & highway access","Established schools & healthcare","High resale liquidity & appreciation potential"
"Kothanur","North Bangalore",8800,13800,11000,"Kothanur Corridor","Prime tech park connectivity","Metro & highway access","Established schools & healthcare","High resale liquidity & appreciation potential"
"Kannuru","North Bangalore",7800,12200,9800,"Kannuru Corridor","Prime tech park connectivity","Metro & highway access","Established schools & healthcare","High resale liquidity & appreciation potential"
"Jigani","South Bangalore",5200,8800,6800,"Jigani Corridor","Prime tech park connectivity","Metro & highway access","Established schools & healthcare","High resale liquidity & appreciation potential"
"Bommasandra","South Bangalore",6500,10200,8000,"Bommasandra Corridor","Prime tech park connectivity","Metro & highway access","Established schools & healthcare","High resale liquidity & appreciation potential"
"Chandapura","South Bangalore",5800,9200,7200,"Chandapura Corridor","Prime tech park connectivity","Metro & highway access","Established schools & healthcare","High resale liquidity & appreciation potential"
"Attibele","South Bangalore",4800,8000,6200,"Attibele Corridor","Prime tech park connectivity","Metro & highway access","Established schools & healthcare","High resale liquidity & appreciation potential"
"Anekal","South Bangalore",4200,7200,5500,"Anekal Corridor","Prime tech park connectivity","Metro & highway access","Established schools & healthcare","High resale liquidity & appreciation potential"
"Begur","South Bangalore",8200,13000,10200,"Begur Corridor","Prime tech park connectivity","Metro & highway access","Established schools & healthcare","High resale liquidity & appreciation potential"
"Kudlu Gate / Kudlu","South Bangalore",9800,15500,12200,"Kudlu Gate / Kudlu Corridor","Prime tech park connectivity","Metro & highway access","Established schools & healthcare","High resale liquidity & appreciation potential"
"Hulimavu","South Bangalore",9200,14500,11500,"Hulimavu Corridor","Prime tech park connectivity","Metro & highway access","Established schools & healthcare","High resale liquidity & appreciation potential"
"Gottigere","South Bangalore",8000,12800,10000,"Gottigere Corridor","Prime tech park connectivity","Metro & highway access","Established schools & healthcare","High resale liquidity & appreciation potential"
"Bannerghatta / Jigani Link Rd","South Bangalore",6200,9800,7800,"Bannerghatta / Jigani Link Rd Corridor","Prime tech park connectivity","Metro & highway access","Established schools & healthcare","High resale liquidity & appreciation potential"
"Uttarahalli","South Bangalore",8500,13800,10800,"Uttarahalli Corridor","Prime tech park connectivity","Metro & highway access","Established schools & healthcare","High resale liquidity & appreciation potential"
"Thalaghattapura","South Bangalore",9000,14200,11200,"Thalaghattapura Corridor","Prime tech park connectivity","Metro & highway access","Established schools & healthcare","High resale liquidity & appreciation potential"
"Anjanapura","South Bangalore",7000,11200,8800,"Anjanapura Corridor","Prime tech park connectivity","Metro & highway access","Established schools & healthcare","High resale liquidity & appreciation potential"
"Kanakapura Town / Harohalli","South Bangalore",4400,7500,5800,"Kanakapura Town / Harohalli Corridor","Prime tech park connectivity","Metro & highway access","Established schools & healthcare","High resale liquidity & appreciation potential"
"Singasandra","South Bangalore",8200,13500,10500,"Singasandra Corridor","Prime tech park connectivity","Metro & highway access","Established schools & healthcare","High resale liquidity & appreciation potential"
"Arekere","South Bangalore",10200,16200,12800,"Arekere Corridor","Prime tech park connectivity","Metro & highway access","Established schools & healthcare","High resale liquidity & appreciation potential"
"Padmanabhanagar","South Bangalore",11800,19000,14800,"Padmanabhanagar Corridor","Prime tech park connectivity","Metro & highway access","Established schools & healthcare","High resale liquidity & appreciation potential"
"Nelamangala","West Bangalore",4800,7800,6000,"Nelamangala Corridor","Prime tech park connectivity","Metro & highway access","Established schools & healthcare","High resale liquidity & appreciation potential"
"Nagasandra","West Bangalore",7500,12200,9500,"Nagasandra Corridor","Prime tech park connectivity","Metro & highway access","Established schools & healthcare","High resale liquidity & appreciation potential"
"Jalahalli","West Bangalore",9000,14800,11500,"Jalahalli Corridor","Prime tech park connectivity","Metro & highway access","Established schools & healthcare","High resale liquidity & appreciation potential"
"Mahalakshmi Layout","West Bangalore",12800,21500,16500,"Mahalakshmi Layout Corridor","Prime tech park connectivity","Metro & highway access","Established schools & healthcare","High resale liquidity & appreciation potential"
"Magadi Road / Sunkadakatte","West Bangalore",7000,11200,8800,"Magadi Road / Sunkadakatte Corridor","Prime tech park connectivity","Metro & highway access","Established schools & healthcare","High resale liquidity & appreciation potential"
"Tavarekere (Magadi Rd)","West Bangalore",4800,8000,6200,"Tavarekere (Magadi Rd) Corridor","Prime tech park connectivity","Metro & highway access","Established schools & healthcare","High resale liquidity & appreciation potential"
"Bidadi","West Bangalore",4200,7200,5500,"Bidadi Corridor","Prime tech park connectivity","Metro & highway access","Established schools & healthcare","High resale liquidity & appreciation potential"
"Kumbalgodu","West Bangalore",5800,9200,7200,"Kumbalgodu Corridor","Prime tech park connectivity","Metro & highway access","Established schools & healthcare","High resale liquidity & appreciation potential"
"Ullal / Sir M Vishweshwaraiah Layout","West Bangalore",7800,12500,9800,"Ullal / Sir M Vishweshwaraiah Layout Corridor","Prime tech park connectivity","Metro & highway access","Established schools & healthcare","High resale liquidity & appreciation potential"
"Chandra Layout","West Bangalore",11500,18500,14500,"Chandra Layout Corridor","Prime tech park connectivity","Metro & highway access","Established schools & healthcare","High resale liquidity & appreciation potential"
"Kamakshipalya","West Bangalore",8200,13500,10500,"Kamakshipalya Corridor","Prime tech park connectivity","Metro & highway access","Established schools & healthcare","High resale liquidity & appreciation potential"
"Malleswaram West / Vyalikaval","Central Bangalore",17500,29500,22500,"Malleswaram West / Vyalikaval Corridor","Prime tech park connectivity","Metro & highway access","Established schools & healthcare","High resale liquidity & appreciation potential"
"Kumara Park (East/West)","Central Bangalore",20000,34000,26000,"Kumara Park (East/West) Corridor","Prime tech park connectivity","Metro & highway access","Established schools & healthcare","High resale liquidity & appreciation potential"
"Sampangi Rama Nagar","Central Bangalore",16500,28000,21500,"Sampangi Rama Nagar Corridor","Prime tech park connectivity","Metro & highway access","Established schools & healthcare","High resale liquidity & appreciation potential"
"Victoria Layout","Central Bangalore",19000,33000,25000,"Victoria Layout Corridor","Prime tech park connectivity","Metro & highway access","Established schools & healthcare","High resale liquidity & appreciation potential"
"Ulsoor / Halasuru","Central Bangalore",15000,26000,19500,"Ulsoor / Halasuru Corridor","Prime tech park connectivity","Metro & highway access","Established schools & healthcare","High resale liquidity & appreciation potential"
"Shivajinagar / Commercial St","Central Bangalore",15500,27000,20500,"Shivajinagar / Commercial St Corridor","Prime tech park connectivity","Metro & highway access","Established schools & healthcare","High resale liquidity & appreciation potential"
"Chamrajpet","Central Bangalore",12500,21500,16500,"Chamrajpet Corridor","Prime tech park connectivity","Metro & highway access","Established schools & healthcare","High resale liquidity & appreciation potential"
"Wilson Garden","Central Bangalore",13500,23000,17500,"Wilson Garden Corridor","Prime tech park connectivity","Metro & highway access","Established schools & healthcare","High resale liquidity & appreciation potential"
"Rajanukunte","North Bangalore",6800,11000,8500,"Rajanukunte Corridor","Prime tech park connectivity","Metro & highway access","Established schools & healthcare","High resale liquidity & appreciation potential"
"Kantanakunte","North Bangalore",4500,7800,5800,"Kantanakunte Corridor","Prime tech park connectivity","Metro & highway access","Established schools & healthcare","High resale liquidity & appreciation potential"
"IVC Road","North Bangalore",7500,12500,9200,"IVC Road Corridor","Prime tech park connectivity","Metro & highway access","Established schools & healthcare","High resale liquidity & appreciation potential"
"Bettenahalli","North Bangalore",6500,10800,8200,"Bettenahalli Corridor","Prime tech park connectivity","Metro & highway access","Established schools & healthcare","High resale liquidity & appreciation potential"
"Devanahalli Town","North Bangalore",7000,11500,8800,"Devanahalli Town Corridor","Prime tech park connectivity","Metro & highway access","Established schools & healthcare","High resale liquidity & appreciation potential"
"BIAL Airport City","North Bangalore",9000,15000,11500,"BIAL Airport City Corridor","Prime tech park connectivity","Metro & highway access","Established schools & healthcare","High resale liquidity & appreciation potential"
"Vijayapura (Devanahalli Extn)","North Bangalore",4200,7200,5500,"Vijayapura (Devanahalli Extn) Corridor","Prime tech park connectivity","Metro & highway access","Established schools & healthcare","High resale liquidity & appreciation potential"
"Avathi (NH-44 North)","North Bangalore",4800,8200,6200,"Avathi (NH-44 North) Corridor","Prime tech park connectivity","Metro & highway access","Established schools & healthcare","High resale liquidity & appreciation potential"
"Chokkanahalli (Doddaballapur Rd)","North Bangalore",4800,8000,6000,"Chokkanahalli (Doddaballapur Rd) Corridor","Prime tech park connectivity","Metro & highway access","Established schools & healthcare","High resale liquidity & appreciation potential"
"Bisuvanahalli","North Bangalore",6000,9800,7500,"Bisuvanahalli Corridor","Prime tech park connectivity","Metro & highway access","Established schools & healthcare","High resale liquidity & appreciation potential"
"Poojanahalli","North Bangalore",6800,11200,8500,"Poojanahalli Corridor","Prime tech park connectivity","Metro & highway access","Established schools & healthcare","High resale liquidity & appreciation potential"
"Anighatta / STRR Junction","North Bangalore",6200,10200,7800,"Anighatta / STRR Junction Corridor","Prime tech park connectivity","Metro & highway access","Established schools & healthcare","High resale liquidity & appreciation potential"
"Hegganahalli (Yelahanka Extn)","North Bangalore",6200,10500,7800,"Hegganahalli (Yelahanka Extn) Corridor","Prime tech park connectivity","Metro & highway access","Established schools & healthcare","High resale liquidity & appreciation potential"
"Kundana","North Bangalore",5000,8500,6500,"Kundana Corridor","Prime tech park connectivity","Metro & highway access","Established schools & healthcare","High resale liquidity & appreciation potential"
"Sathanur (Bagalur Link)","North Bangalore",6500,10800,8200,"Sathanur (Bagalur Link) Corridor","Prime tech park connectivity","Metro & highway access","Established schools & healthcare","High resale liquidity & appreciation potential"
"Tubagere (STRR West)","North Bangalore",3800,6500,4800,"Tubagere (STRR West) Corridor","Prime tech park connectivity","Metro & highway access","Established schools & healthcare","High resale liquidity & appreciation potential"
"Budigere Town / Mandur","East Bangalore",7500,12000,9200,"Budigere Town / Mandur Corridor","Prime tech park connectivity","Metro & highway access","Established schools & healthcare","High resale liquidity & appreciation potential"