id,title,developer,locality,zone,status,priceRange,bhk,lat,lng,akScore,recommended,pitchText,tradeoffs,advisoryPro,advisoryConsideration
"P01","Prestige Raintree Park","Prestige Group","Varthur","Core Whitefield–Hoodi","Under construction","₹1.95Cr – 4.54Cr","2 & 3 BHK",12.95466944,77.747175,,FALSE,"Proximity to Varthur tech parks · Prestige Group proven delivery track record","High demand corridor with active inventory absorption · Under construction phase","",""
"P02","Sumadhura Solace","Sumadhura Group","Whitefield","Core Whitefield–Hoodi","Under construction","₹2.39Cr – 5.57Cr","3 & 4 BHK Luxury",12.95561,77.72381,77.4,TRUE,"Proximity to Whitefield tech parks · Sumadhura Group proven delivery track record","High demand corridor with active inventory absorption · Under construction phase","",""
"P03","Sumadhura Edition","Sumadhura Group","Whitefield","Core Whitefield–Hoodi","Under construction","₹2.39Cr – 5.57Cr","3 & 4 BHK Luxury",12.96191,77.72911,76.4,TRUE,"Proximity to Whitefield tech parks · Sumadhura Group proven delivery track record","High demand corridor with active inventory absorption · Under construction phase","",""
"P04","Sumadhura Folium","Sumadhura Group","Whitefield","Core Whitefield–Hoodi","Under construction","₹2.39Cr – 5.57Cr","3 & 4 BHK Luxury",12.96651,77.74358,78.7,TRUE,"Proximity to Whitefield tech parks · Sumadhura Group proven delivery track record","High demand corridor with active inventory absorption · Under construction phase","",""
"P05","Vaswani Starlight","Vaswani Group","Whitefield","Core Whitefield–Hoodi","Under construction","₹2.20Cr – 5.12Cr","3 & 4 BHK Luxury",12.97801,77.73789,78.8,TRUE,"Proximity to Whitefield tech parks · Vaswani Group proven delivery track record","High demand corridor with active inventory absorption · Under construction phase","",""
"P06","Sumadhura Capitol Residences","Sumadhura Group","Whitefield","Core Whitefield–Hoodi","Under construction","₹2.39Cr – 5.57Cr","3 & 4 BHK Luxury",12.98581,77.74891,80.6,TRUE,"Proximity to Whitefield tech parks · Sumadhura Group proven delivery track record","High demand corridor with active inventory absorption · Under construction phase","",""
"P07","Mahindra Blossom","Mahindra Lifespaces","Whitefield","Core Whitefield–Hoodi","Under construction","₹2.39Cr – 5.57Cr","3 & 4 BHK Luxury",12.98731,77.75312,78.2,TRUE,"Proximity to Whitefield tech parks · Mahindra Lifespaces proven delivery track record","High demand corridor with active inventory absorption · Under construction phase","",""
"P08","Sumadhura Sarang","Sumadhura Group","Whitefield","Core Whitefield–Hoodi","Under construction","₹2.39Cr – 5.57Cr","3 & 4 BHK Luxury",13.03061,77.75221,,FALSE,"Proximity to Whitefield tech parks · Sumadhura Group proven delivery track record","High demand corridor with active inventory absorption · Under construction phase","",""
"P09","Sattva Songbird","Sattva Group","Budigere Cross","Budigere Cross–OMR East","Under construction","₹1.29Cr – 2.90Cr","2 & 3 BHK",13.04961,77.74758,65.6,TRUE,"Proximity to Budigere Cross tech parks · Sattva Group proven delivery track record","High demand corridor with active inventory absorption · Under construction phase","",""
"P10","Brigade Lakecrest","Brigade Group","KR Puram","KR Puram–Mahadevapura","Under construction","₹1.33Cr – 3.45Cr","2, 3 & 4 BHK",13.00311,77.68541,73.9,TRUE,"Proximity to KR Puram tech parks · Brigade Group proven delivery track record","High demand corridor with active inventory absorption · Under construction phase","",""
"P11","Brigade Metropolis","Brigade Group","Mahadevapura","KR Puram–Mahadevapura","Ready to move","₹1.91Cr – 3.88Cr","3 BHK Luxury",12.99061,77.69781,,FALSE,"Proximity to Mahadevapura tech parks · Brigade Group proven delivery track record","High demand corridor with active inventory absorption · Ready to move phase","",""
"P12","Godrej Splendour","Godrej Properties","Whitefield","KR Puram–Mahadevapura","Under construction","₹2.68Cr – 6.23Cr","3 & 4 BHK Luxury",13.01171,77.74591,,FALSE,"Proximity to Whitefield tech parks · Godrej Properties proven delivery track record","High demand corridor with active inventory absorption · Under construction phase","",""
"P13","Godrej United","Godrej Properties","Mahadevapura","KR Puram–Mahadevapura","Ready to move","₹1.54Cr – 4.07Cr","2, 3 & 4 BHK",12.99281,77.69121,,FALSE,"Proximity to Mahadevapura tech parks · Godrej Properties proven delivery track record","High demand corridor with active inventory absorption · Ready to move phase","",""
"P14","Prestige Park Grove / The Residences","Prestige Group","KR Puram","KR Puram–Mahadevapura","Under construction","₹1.37Cr – 3.24Cr","2 & 3 BHK",12.99421,77.76101,,FALSE,"Proximity to KR Puram tech parks · Prestige Group proven delivery track record","High demand corridor with active inventory absorption · Under construction phase","",""
"P15","Sattva Celesta","Sattva Group","KR Puram","KR Puram–Mahadevapura","Ready to move","₹1.22Cr – 2.90Cr","2 & 3 BHK",13.00891,77.68921,,FALSE,"Proximity to KR Puram tech parks · Sattva Group proven delivery track record","High demand corridor with active inventory absorption · Ready to move phase","",""
"P16","Sattva Celesta expansion / Phase 2","Sattva Group","KR Puram","KR Puram–Mahadevapura","Ready to move","₹1.33Cr – 3.45Cr","2, 3 & 4 BHK",13.00951,77.68981,,FALSE,"Proximity to KR Puram tech parks · Sattva Group proven delivery track record","High demand corridor with active inventory absorption · Ready to move phase","",""
"P17","Assetz Marq / later phases","Assetz Property Group","Mahadevapura","KR Puram–Mahadevapura","Under construction","₹1.16Cr – 2.81Cr","2 & 3 BHK",13.02011,77.76151,,FALSE,"Proximity to Mahadevapura tech parks · Assetz Property Group proven delivery track record","High demand corridor with active inventory absorption · Under construction phase","",""
"P18","Assetz Sun & Sanctum","Assetz Property Group","KR Puram","KR Puram–Mahadevapura","Under construction","₹1.01Cr – 2.38Cr","2 & 3 BHK",13.00811,77.68251,,FALSE,"Proximity to KR Puram tech parks · Assetz Property Group proven delivery track record","High demand corridor with active inventory absorption · Under construction phase","",""
"P19","Shriram Blue","Shriram Properties","KR Puram","KR Puram–Mahadevapura","Ready to move","₹1.09Cr – 2.83Cr","2, 3 & 4 BHK",13.01851,77.71211,,FALSE,"Proximity to KR Puram tech parks · Shriram Properties proven delivery track record","High demand corridor with active inventory absorption · Ready to move phase","",""
"P20","SOBHA Lake Gardens","SOBHA","KR Puram","KR Puram–Mahadevapura","Ready to move","₹1.37Cr – 3.24Cr","2 & 3 BHK",13.00121,77.68741,,FALSE,"Proximity to KR Puram tech parks · SOBHA proven delivery track record","High demand corridor with active inventory absorption · Ready to move phase","",""
"P21","Concorde Auriga","Concorde Group","KR Puram","KR Puram–Mahadevapura","Ready to move","₹1.35Cr – 2.70Cr","3 BHK Luxury",13.02311,77.71181,,FALSE,"Proximity to KR Puram tech parks · Concorde Group proven delivery track record","High demand corridor with active inventory absorption · Ready to move phase","",""
"P22","Casagrand Meridian","Casagrand","KR Puram","KR Puram–Mahadevapura","Under construction","₹1.09Cr – 2.83Cr","2, 3 & 4 BHK",13.01021,77.69851,,FALSE,"Proximity to KR Puram tech parks · Casagrand proven delivery track record","High demand corridor with active inventory absorption · Under construction phase","",""
"P23","Pride Euphora","Pride Group","KR Puram","KR Puram–Mahadevapura","Under construction","₹1.01Cr – 2.38Cr","2 & 3 BHK",13.01451,77.70121,,FALSE,"Proximity to KR Puram tech parks · Pride Group proven delivery track record","High demand corridor with active inventory absorption · Under construction phase","",""
"P24","DSR White Waters II","DSR Infrastructure","KR Puram","KR Puram–Mahadevapura","Under construction","₹1.01Cr – 2.38Cr","2 & 3 BHK",12.94821,77.73911,,FALSE,"Proximity to KR Puram tech parks · DSR Infrastructure proven delivery track record","High demand corridor with active inventory absorption · Under construction phase","",""
"P25","Sattva Magnificia","Sattva Group","KR Puram","KR Puram–Mahadevapura","Ready to move","₹1.33Cr – 3.45Cr","2, 3 & 4 BHK",12.99491,77.66911,,FALSE,"Proximity to KR Puram tech parks · Sattva Group proven delivery track record","High demand corridor with active inventory absorption · Ready to move phase","",""
"P26","Brigade Belvedere","Brigade Group","Budigere Cross","Budigere Cross–OMR East","Under construction","₹1.74Cr – 3.29Cr","3 BHK Luxury",13.05121,77.74811,67,TRUE,"Proximity to Budigere Cross tech parks · Brigade Group proven delivery track record","High demand corridor with active inventory absorption · Under construction phase","",""
"P27","Brigade Calista","Brigade Group","Budigere Cross","Budigere Cross–OMR East","Under construction","₹1.29Cr – 2.90Cr","2 & 3 BHK",13.05311,77.74621,73.1,TRUE,"Proximity to Budigere Cross tech parks · Brigade Group proven delivery track record","High demand corridor with active inventory absorption · Under construction phase","",""
"P28","Brigade Citrine","Brigade Group","Budigere Cross","Budigere Cross–OMR East","Under construction","₹1.40Cr – 3.45Cr","2, 3 & 4 BHK",13.05281,77.74901,73.4,TRUE,"Proximity to Budigere Cross tech parks · Brigade Group proven delivery track record","High demand corridor with active inventory absorption · Under construction phase","",""
"P29","Sattva Bliss","Sattva Group","Budigere Cross","Budigere Cross–OMR East","Under construction","₹1.29Cr – 2.90Cr","2 & 3 BHK",13.05611,77.75121,,TRUE,"Proximity to Budigere Cross tech parks · Sattva Group proven delivery track record","High demand corridor with active inventory absorption · Under construction phase","",""
"P30","Godrej Woodscapes","Godrej Properties","Budigere Cross","Budigere Cross–OMR East","Under construction","₹1.29Cr – 2.90Cr","2 & 3 BHK",13.04731,77.75138,,FALSE,"Proximity to Budigere Cross tech parks · Godrej Properties proven delivery track record","High demand corridor with active inventory absorption · Under construction phase","",""
"P31","One Residences at SOBHA OneWorld","SOBHA","Budigere Cross","Budigere Cross–OMR East","Under construction","₹1.56Cr – 3.85Cr","2, 3 & 4 BHK",13.0669,77.7983,,TRUE,"Proximity to Budigere Cross tech parks · SOBHA proven delivery track record","High demand corridor with active inventory absorption · Under construction phase","",""
"P32","Concorde Eleve","Concorde Group","Budigere Cross","Budigere Cross–OMR East","Under construction","₹1.06Cr – 2.38Cr","2 & 3 BHK",13.05221,77.74551,,FALSE,"Proximity to Budigere Cross tech parks · Concorde Group proven delivery track record","High demand corridor with active inventory absorption · Under construction phase","",""
"P33","Ohana Crown","Ohana Developers","Budigere Cross","Budigere Cross–OMR East","Under construction","₹1.06Cr – 2.38Cr","2 & 3 BHK",13.05011,77.74381,,FALSE,"Proximity to Budigere Cross tech parks · Ohana Developers proven delivery track record","High demand corridor with active inventory absorption · Under construction phase","",""
"P34","Assetz Bloom & Dell","Assetz Property Group","Budigere Cross","Budigere Cross–OMR East","Under construction","₹1.15Cr – 2.83Cr","2, 3 & 4 BHK",13.03211,77.74911,,FALSE,"Proximity to Budigere Cross tech parks · Assetz Property Group proven delivery track record","High demand corridor with active inventory absorption · Under construction phase","",""
"P35","Bren Aspera","Bren Corporation","Budigere Cross","Budigere Cross–OMR East","Under construction","₹1.06Cr – 2.38Cr","2 & 3 BHK",13.05451,77.74781,,FALSE,"Proximity to Budigere Cross tech parks · Bren Corporation proven delivery track record","High demand corridor with active inventory absorption · Under construction phase","",""
"P36","NVT Under the Open Sky","NVT Quality Lifestyle","Budigere Cross","Budigere Cross–OMR East","Under construction","₹1.43Cr – 2.70Cr","3 BHK Luxury",13.06521,77.76151,,FALSE,"Proximity to Budigere Cross tech parks · NVT Quality Lifestyle proven delivery track record","High demand corridor with active inventory absorption · Under construction phase","",""
"P37","Aratt Avant Twilight","Aratt","Budigere Cross","Budigere Cross–OMR East","Under construction","₹1.15Cr – 2.83Cr","2, 3 & 4 BHK",13.05101,77.74681,,FALSE,"Proximity to Budigere Cross tech parks · Aratt proven delivery track record","High demand corridor with active inventory absorption · Under construction phase","",""
"P38","SBR Magnus","SBR Group","Budigere Cross","Budigere Cross–OMR East","Under construction","₹1.06Cr – 2.38Cr","2 & 3 BHK",13.05251,77.74821,,FALSE,"Proximity to Budigere Cross tech parks · SBR Group proven delivery track record","High demand corridor with active inventory absorption · Under construction phase","",""
"P39","Alembic Cloud Forest / Alembic City residential","Alembic Real Estate","Whitefield","Core Whitefield–Hoodi","Under construction","₹2.20Cr – 5.12Cr","3 & 4 BHK Luxury",12.98921,77.75081,,FALSE,"Proximity to Whitefield tech parks · Alembic Real Estate proven delivery track record","High demand corridor with active inventory absorption · Under construction phase","",""
"P40","Evergreen at Prestige Raintree Park","Prestige Group","Varthur","Core Whitefield–Hoodi","Under construction","₹1.95Cr – 4.54Cr","2, 3 & 4 BHK",12.95482,77.74751,,TRUE,"Proximity to Varthur tech parks · Prestige Group proven delivery track record","High demand corridor with active inventory absorption · Under construction phase","",""
"P41","Prestige Somerville","Prestige Group","Whitefield","Core Whitefield–Hoodi","Under construction","₹2.99Cr – 6.96Cr","3 & 4 BHK Luxury",12.95821,77.74121,,FALSE,"Proximity to Whitefield tech parks · Prestige Group proven delivery track record","High demand corridor with active inventory absorption · Under construction phase","",""
"P42","Prestige Glenbrook","Prestige Group","Whitefield","Core Whitefield–Hoodi","Under construction","₹2.99Cr – 6.96Cr","3 & 4 BHK Luxury",12.96981,77.73158,,FALSE,"Proximity to Whitefield tech parks · Prestige Group proven delivery track record","High demand corridor with active inventory absorption · Under construction phase","",""
"P43","Prestige Pine Forest","Prestige Group","Whitefield","Core Whitefield–Hoodi","Under construction","₹2.99Cr – 6.96Cr","3 & 4 BHK Luxury",12.97651,77.73812,,FALSE,"Proximity to Whitefield tech parks · Prestige Group proven delivery track record","High demand corridor with active inventory absorption · Under construction phase","",""
"P44","Orchid Platinum","Goyal & Co","Whitefield","Core Whitefield–Hoodi","Under construction","₹2.20Cr – 5.12Cr","3 & 4 BHK Luxury",12.97111,77.74251,,FALSE,"Proximity to Whitefield tech parks · Goyal & Co proven delivery track record","High demand corridor with active inventory absorption · Under construction phase","",""
"P45","Birla Alokya","Birla Estates","Whitefield","Core Whitefield–Hoodi","Under construction","₹2.20Cr – 5.12Cr","3 & 4 BHK Luxury",12.96211,77.76981,,FALSE,"Proximity to Whitefield tech parks · Birla Estates proven delivery track record","High demand corridor with active inventory absorption · Under construction phase","",""
"P46","Pursuit of a Radical Rhapsody","Total Environment","Whitefield","Core Whitefield–Hoodi","Under construction","₹2.99Cr – 6.96Cr","3 & 4 BHK Luxury",12.98771,77.72041,,FALSE,"Proximity to Whitefield tech parks · Total Environment proven delivery track record","High demand corridor with active inventory absorption · Under construction phase","",""
"P47","DSR Evoq","DSR Infrastructure","Whitefield","Core Whitefield–Hoodi","Under construction","₹2.20Cr – 5.12Cr","3 & 4 BHK Luxury",12.98851,77.75218,,FALSE,"Proximity to Whitefield tech parks · DSR Infrastructure proven delivery track record","High demand corridor with active inventory absorption · Under construction phase","",""
"P48","Pavani Mirabilia","Pavani Group","Whitefield","Core Whitefield–Hoodi","Under construction","₹2.20Cr – 5.12Cr","3 & 4 BHK Luxury",12.98611,77.75021,,FALSE,"Proximity to Whitefield tech parks · Pavani Group proven delivery track record","High demand corridor with active inventory absorption · Under construction phase","",""
"P49","SBR One Residence","SBR Group","Whitefield","Core Whitefield–Hoodi","Ready to move","₹2.20Cr – 5.12Cr","3 & 4 BHK Luxury",12.99121,77.75411,,FALSE,"Proximity to Whitefield tech parks · SBR Group proven delivery track record","High demand corridor with active inventory absorption · Ready to move phase","",""
"P50","Prestige Serenity Shores","Prestige Group","Varthur","Core Whitefield–Hoodi","Under construction","₹1.80Cr – 3.82Cr","2 & 3 BHK",12.952814,77.742301,,FALSE,"Proximity to Varthur tech parks · Prestige Group proven delivery track record","High demand corridor with active inventory absorption · Under construction phase","",""
"P51","Prestige Lavender Fields","Prestige Group","Varthur","Varthur–Gunjur","Under construction","₹2.42Cr – 4.33Cr","3 BHK Luxury",12.934412,77.738315,,TRUE,"Proximity to Varthur tech parks · Prestige Group proven delivery track record","High demand corridor with active inventory absorption · Under construction phase","",""
"P52","Brigade Cornerstone Utopia","Brigade Group","Varthur","Varthur–Gunjur","Ready to move","₹1.75Cr – 4.07Cr","2, 3 & 4 BHK",12.934472,77.743917,,FALSE,"Proximity to Varthur tech parks · Brigade Group proven delivery track record","High demand corridor with active inventory absorption · Ready to move phase","",""
"P53","Adarsh Park Heights","Adarsh Developers","Varthur","Varthur–Gunjur","Ready to move","₹1.32Cr – 2.81Cr","2 & 3 BHK",12.928812,77.74512,,FALSE,"Proximity to Varthur tech parks · Adarsh Developers proven delivery track record","High demand corridor with active inventory absorption · Ready to move phase","",""
"P54","Assetz 66 & Shibui","Assetz Property Group","Varthur","Varthur–Gunjur","Under construction","₹1.32Cr – 2.81Cr","2 & 3 BHK",12.94512,77.74181,,FALSE,"Proximity to Varthur tech parks · Assetz Property Group proven delivery track record","High demand corridor with active inventory absorption · Under construction phase","",""
"P55","Assetz 63 Degree East","Assetz Property Group","Varthur","Varthur–Gunjur","Ready to move","₹1.44Cr – 3.34Cr","2, 3 & 4 BHK",12.88521,77.70312,,FALSE,"Proximity to Varthur tech parks · Assetz Property Group proven delivery track record","High demand corridor with active inventory absorption · Ready to move phase","",""
"P56","Candeur Rise","Candeur Constructions","Varthur","Varthur–Gunjur","Under construction","₹1.78Cr – 3.19Cr","3 BHK Luxury",12.941012,77.74621,,FALSE,"Proximity to Varthur tech parks · Candeur Constructions proven delivery track record","High demand corridor with active inventory absorption · Under construction phase","",""
"P57","Candeur Signature","Candeur Constructions","Varthur","Varthur–Gunjur","Ready to move","₹1.32Cr – 2.81Cr","2 & 3 BHK",12.93921,77.74758,,FALSE,"Proximity to Varthur tech parks · Candeur Constructions proven delivery track record","High demand corridor with active inventory absorption · Ready to move phase","",""
"P58","DNR Atmosphere","DNR Group","Varthur","Varthur–Gunjur","Under construction","₹1.44Cr – 3.34Cr","2, 3 & 4 BHK",12.92418,77.73212,,FALSE,"Proximity to Varthur tech parks · DNR Group proven delivery track record","High demand corridor with active inventory absorption · Under construction phase","",""
"P59","SOBHA Dream Acres","SOBHA","Panathur","Varthur–Gunjur","Ready to move","₹1.58Cr – 3.58Cr","2 & 3 BHK",12.93912,77.73771,,FALSE,"Proximity to Panathur tech parks · SOBHA proven delivery track record","High demand corridor with active inventory absorption · Ready to move phase","",""
"P60","SOBHA Neopolis","SOBHA","Panathur","Varthur–Gunjur","Under construction","₹1.58Cr – 3.58Cr","2 & 3 BHK",12.93481,77.71212,,TRUE,"Proximity to Panathur tech parks · SOBHA proven delivery track record","High demand corridor with active inventory absorption · Under construction phase","",""
"P61","SOBHA Sentosa","SOBHA","Varthur","Varthur–Gunjur","Under construction","₹1.95Cr – 4.54Cr","2, 3 & 4 BHK",12.93081,77.71921,,FALSE,"Proximity to Varthur tech parks · SOBHA proven delivery track record","High demand corridor with active inventory absorption · Under construction phase","",""
"P62","Modern Spaaces Engrace","Modern Spaaces","Varthur","Varthur–Gunjur","Under construction","₹1.32Cr – 2.81Cr","2 & 3 BHK",12.92151,77.73828,,FALSE,"Proximity to Varthur tech parks · Modern Spaaces proven delivery track record","High demand corridor with active inventory absorption · Under construction phase","",""
"P63","Ecolife Elements of Nature","Ecolife Developers","Varthur","Varthur–Gunjur","Under construction","₹1.32Cr – 2.81Cr","2 & 3 BHK",12.93518,77.74281,,FALSE,"Proximity to Varthur tech parks · Ecolife Developers proven delivery track record","High demand corridor with active inventory absorption · Under construction phase","",""
"P64","Spectra Parijatha","Spectra Constructions","Varthur","Varthur–Gunjur","Under construction","₹1.44Cr – 3.34Cr","2, 3 & 4 BHK",12.94381,77.74451,,FALSE,"Proximity to Varthur tech parks · Spectra Constructions proven delivery track record","High demand corridor with active inventory absorption · Under construction phase","",""
"P65","Orchid Life","Goyal & Co","Varthur","Varthur–Gunjur","Under construction","₹1.32Cr – 2.81Cr","2 & 3 BHK",12.92481,77.74121,,FALSE,"Proximity to Varthur tech parks · Goyal & Co proven delivery track record","High demand corridor with active inventory absorption · Under construction phase","",""
"P66","Mana Dale","Mana Projects","Varthur","Varthur–Gunjur","Under construction","₹1.78Cr – 3.19Cr","3 BHK Luxury",12.91851,77.72581,,FALSE,"Proximity to Varthur tech parks · Mana Projects proven delivery track record","High demand corridor with active inventory absorption · Under construction phase","",""
"P67","Provident Botanico","Provident Housing Limited","Whitefield","Core Whitefield–Hoodi","Under construction","₹2.20Cr – 5.12Cr","3 & 4 BHK Luxury",12.992764,77.806045,,TRUE,"Proximity to Whitefield tech parks · Provident Housing Limited proven delivery track record","High demand corridor with active inventory absorption · Under construction phase","",""
"P68","Purva Tivoli Hills","Puravankara Limited","Devanahalli","North Bengaluru","Under construction","₹97Lakhs – 2.59Cr","2 & 3 BHK",13.258202,77.708745,,TRUE,"Proximity to Devanahalli tech parks · Puravankara Limited proven delivery track record","High demand corridor with active inventory absorption · Under construction phase","",""
"P69","Brigade Oasis","Brigade Group","Devanahalli","North Bengaluru","Under construction","₹97Lakhs – 2.59Cr","2 & 3 BHK",13.2662,77.6325,,TRUE,"Proximity to Devanahalli tech parks · Brigade Group proven delivery track record","High demand corridor with active inventory absorption · Under construction phase","",""
"P70","Prestige Gardenia Estate","Prestige Group","Devanahalli","North Bengaluru","Under construction","₹1.17Cr – 3.44Cr","2, 3 & 4 BHK",13.20845,77.7695,,TRUE,"Proximity to Devanahalli tech parks · Prestige Group proven delivery track record","High demand corridor with active inventory absorption · Under construction phase","",""
"P71","Sumadhura Panorama","Sumadhura Group","Devanahalli","North Bengaluru","Under construction","₹1.16Cr – 2.63Cr","3 BHK Luxury",13.2389,77.6975,,TRUE,"Proximity to Devanahalli tech parks · Sumadhura Group proven delivery track record","High demand corridor with active inventory absorption · Under construction phase","",""
"P72","Godrej Reserve","Godrej Properties","Devanahalli","North Bengaluru","Ready to move","₹97Lakhs – 2.59Cr","2 & 3 BHK",13.2678,77.6441,,FALSE,"Proximity to Devanahalli tech parks · Godrej Properties proven delivery track record","High demand corridor with active inventory absorption · Ready to move phase","",""
"P73","Century Trails","Century Real Estate","Devanahalli","North Bengaluru","Under construction","₹94Lakhs – 2.75Cr","2, 3 & 4 BHK",13.2872,77.7095,,FALSE,"Proximity to Devanahalli tech parks · Century Real Estate proven delivery track record","High demand corridor with active inventory absorption · Under construction phase","",""
"P74","Total Environment Tangled Up in Green","Total Environment","Doddaballapur Road","North Bengaluru","Under construction","₹1.15Cr – 2.82Cr","2 & 3 BHK",13.3371,77.5312,,TRUE,"Proximity to Doddaballapur Road tech parks · Total Environment proven delivery track record","High demand corridor with active inventory absorption · Under construction phase","",""
"P75","Godrej Aravya Estate","Godrej Properties","Doddaballapur Road","North Bengaluru","Under construction","₹1.03Cr – 2.53Cr","2 & 3 BHK",13.39461,77.486723,,TRUE,"Proximity to Doddaballapur Road tech parks · Godrej Properties proven delivery track record","High demand corridor with active inventory absorption · Under construction phase","",""
"P76","Tata Swaram","Tata Housing","Shettigere","North Bengaluru","Ready to move","₹92Lakhs – 2.63Cr","2, 3 & 4 BHK",13.1952,77.6421,,FALSE,"Proximity to Shettigere tech parks · Tata Housing proven delivery track record","High demand corridor with active inventory absorption · Ready to move phase","",""
"P77","Sattva Ekatra","Sattva Group","Doddaballapur Road","North Bengaluru","Under construction","₹1.03Cr – 2.53Cr","2 & 3 BHK",13.2925,77.5398,,FALSE,"Proximity to Doddaballapur Road tech parks · Sattva Group proven delivery track record","High demand corridor with active inventory absorption · Under construction phase","",""
"P79","Assetz The Secret Lake","Assetz Property Group","Devanahalli","North Bengaluru","Under construction","₹79Lakhs – 2.13Cr","2 & 3 BHK",13.226434,77.574941,,FALSE,"Proximity to Devanahalli tech parks · Assetz Property Group proven delivery track record","High demand corridor with active inventory absorption · Under construction phase","",""
"P80","Sattva Bhumi","Sattva Group","Devanahalli","North Bengaluru","Under construction","₹1.05Cr – 3.08Cr","2, 3 & 4 BHK",13.2425,77.7885,,FALSE,"Proximity to Devanahalli tech parks · Sattva Group proven delivery track record","High demand corridor with active inventory absorption · Under construction phase","",""
"P81","Adarsh Savana","Adarsh Developers","Devanahalli","North Bengaluru","Ready to move","₹79Lakhs – 2.13Cr","2 & 3 BHK",13.235005,77.585,,FALSE,"Proximity to Devanahalli tech parks · Adarsh Developers proven delivery track record","High demand corridor with active inventory absorption · Ready to move phase","",""
"P82","Embassy Springs","Embassy Group","Devanahalli","North Bengaluru","Ready to move","₹1.07Cr – 2.42Cr","3 BHK Luxury",13.2038,77.6285,,FALSE,"Proximity to Devanahalli tech parks · Embassy Group proven delivery track record","High demand corridor with active inventory absorption · Ready to move phase","",""
"P83","Century Seasons","Century Real Estate","Devanahalli","North Bengaluru","Ready to move","₹94Lakhs – 2.75Cr","2, 3 & 4 BHK",13.2641,77.6358,,FALSE,"Proximity to Devanahalli tech parks · Century Real Estate proven delivery track record","High demand corridor with active inventory absorption · Ready to move phase","",""
"P84","Assetz Promise of Spring","Assetz Property Group","Devanahalli","North Bengaluru","Under construction","₹79Lakhs – 2.13Cr","2 & 3 BHK",13.2985,77.7182,,TRUE,"Proximity to Devanahalli tech parks · Assetz Property Group proven delivery track record","High demand corridor with active inventory absorption · Under construction phase","",""
"P85","Century Eden","Century Real Estate","Doddaballapur Road","North Bengaluru","Under construction","₹92Lakhs – 2.26Cr","2 & 3 BHK",13.2185,77.5612,,FALSE,"Proximity to Doddaballapur Road tech parks · Century Real Estate proven delivery track record","High demand corridor with active inventory absorption · Under construction phase","",""
"P86","Riviera Uno","Goyal & Co","Whitefield","Core Whitefield–Hoodi","Under construction","₹2.20Cr – 5.12Cr","3 & 4 BHK Luxury",12.98484,77.78384,,TRUE,"Proximity to Whitefield tech parks · Goyal & Co proven delivery track record","High demand corridor with active inventory absorption · Under construction phase","",""
"P87","Prestige Marigold","Prestige Group","Devanahalli","North Bengaluru","Under construction","₹1.45Cr – 3.28Cr","3 BHK Luxury",13.2285,77.6015,,FALSE,"Proximity to Devanahalli tech parks · Prestige Group proven delivery track record","High demand corridor with active inventory absorption · Under construction phase","",""
"P88","Century Greens","Century Real Estate","Kantanakunte","North Bengaluru","Under construction","₹29Lakhs – 1.13Cr","1, 2 & 3 BHK",13.2725,77.5345,,FALSE,"Proximity to Kantanakunte tech parks · Century Real Estate proven delivery track record","High demand corridor with active inventory absorption · Under construction phase","",""
"P89","Century Mirasol","Century Real Estate","Rajanukunte","North Bengaluru","Under construction","₹85Lakhs – 2.42Cr","2, 3 & 4 BHK",13.1945,77.561,,FALSE,"Proximity to Rajanukunte tech parks · Century Real Estate proven delivery track record","High demand corridor with active inventory absorption · Under construction phase","",""
"P90","Sattva Lumina","Sattva Group","Rajanukunte","North Bengaluru","Under construction","₹88Lakhs – 2.28Cr","2 & 3 BHK",13.1895,77.5645,,FALSE,"Proximity to Rajanukunte tech parks · Sattva Group proven delivery track record","High demand corridor with active inventory absorption · Under construction phase","",""
"P91","Tata Carnatica (Raaga & Svasa)","Tata Housing","Shettigere","North Bengaluru","Under construction","₹85Lakhs – 2.21Cr","2 & 3 BHK",13.211,77.6315,,FALSE,"Proximity to Shettigere tech parks · Tata Housing proven delivery track record","High demand corridor with active inventory absorption · Under construction phase","",""
"P92","Birla Trimaya","Birla Estates","Shettigere","North Bengaluru","Under construction","₹92Lakhs – 2.63Cr","2, 3 & 4 BHK",13.2015,77.625,,FALSE,"Proximity to Shettigere tech parks · Birla Estates proven delivery track record","High demand corridor with active inventory absorption · Under construction phase","",""
"P93","Prestige Park Ridge / Aerospace Oasis","Prestige Group","Bagalur","North Bengaluru","Under construction","₹1.12Cr – 2.89Cr","2 & 3 BHK",13.1615,77.6845,,FALSE,"Proximity to Bagalur tech parks · Prestige Group proven delivery track record","High demand corridor with active inventory absorption · Under construction phase","",""
"P94","Purva Aerocity","Puravankara","Chikkajala","North Bengaluru","Under construction","₹97Lakhs – 2.53Cr","2 & 3 BHK",13.1825,77.632,,FALSE,"Proximity to Chikkajala tech parks · Puravankara proven delivery track record","High demand corridor with active inventory absorption · Under construction phase","",""
"P95","Brigade Atmosphere","Brigade Group","Devanahalli","North Bengaluru","Ready to move","₹1.05Cr – 3.08Cr","2, 3 & 4 BHK",13.2512,77.7085,,FALSE,"Proximity to Devanahalli tech parks · Brigade Group proven delivery track record","High demand corridor with active inventory absorption · Ready to move phase","",""
"P96","Salarpuria Sattva Park Cubix","Sattva Group","Devanahalli","North Bengaluru","Ready to move","₹97Lakhs – 2.59Cr","2 & 3 BHK",13.2425,77.709,,FALSE,"Proximity to Devanahalli tech parks · Sattva Group proven delivery track record","High demand corridor with active inventory absorption · Ready to move phase","",""
"P97","Assetz Earth & Essence","Assetz Property Group","Devanahalli","North Bengaluru","Under construction","₹1.07Cr – 2.42Cr","3 BHK Luxury",13.2195,77.656,,FALSE,"Proximity to Devanahalli tech parks · Assetz Property Group proven delivery track record","High demand corridor with active inventory absorption · Under construction phase","",""
"P98","Provident Deansgate","Provident Housing","Devanahalli","North Bengaluru","Under construction","₹86Lakhs – 2.53Cr","2, 3 & 4 BHK",13.218,77.638,,FALSE,"Proximity to Devanahalli tech parks · Provident Housing proven delivery track record","High demand corridor with active inventory absorption · Under construction phase","",""
"P99","Sobha Galera","SOBHA","Budigere Cross","Budigere Cross–OMR East","Under construction","₹1.44Cr – 3.24Cr","2 & 3 BHK",13.0725,77.748,,FALSE,"Proximity to Budigere Cross tech parks · SOBHA proven delivery track record","High demand corridor with active inventory absorption · Under construction phase","",""
"P100","Lodha Mirabelle","Lodha Group","Thanisandra","North Bengaluru","Under construction","₹1.06Cr – 2.69Cr","2 & 3 BHK",13.0785,77.6255,,FALSE,"Proximity to Thanisandra tech parks · Lodha Group proven delivery track record","High demand corridor with active inventory absorption · Under construction phase","",""
"P101","Brigade Insignia","Brigade Group","Yelahanka","North Bengaluru","Under construction","₹1.26Cr – 3.45Cr","2, 3 & 4 BHK",13.098,77.604,,FALSE,"Proximity to Yelahanka tech parks · Brigade Group proven delivery track record","High demand corridor with active inventory absorption · Under construction phase","",""
"P102","Brigade Savannah","Brigade Group","Devanahalli","North Bengaluru","Under construction","₹1.30Cr – 2.94Cr","3 BHK Luxury",13.2595,77.618,,FALSE,"Proximity to Devanahalli tech parks · Brigade Group proven delivery track record","High demand corridor with active inventory absorption · Under construction phase","",""
"P103","Arvind Greatlands","Arvind SmartSpaces","Devanahalli","North Bengaluru","Under construction","₹79Lakhs – 2.13Cr","2 & 3 BHK",13.276,77.558,,FALSE,"Proximity to Devanahalli tech parks · Arvind SmartSpaces proven delivery track record","High demand corridor with active inventory absorption · Under construction phase","",""