Project ID,Project Name,Locality,BHK Type,Super Builtup Area (sqft),Price Per Sqft (₹),All Inclusive Price
"P01","Prestige Raintree Park","Varthur","2 BHK Small",950,20526,"₹1.95 Cr"
"P01","Prestige Raintree Park","Varthur","2 BHK Large",1400,23214,"₹3.25 Cr"
"P01","Prestige Raintree Park","Varthur","3 BHK",1850,24595,"₹4.55 Cr"
"P02","Sumadhura Solace","Whitefield","2 BHK",1150,20783,"₹2.39 Cr"
"P02","Sumadhura Solace","Whitefield","3 BHK",1875,21227,"₹3.98 Cr"
"P02","Sumadhura Solace","Whitefield","4 BHK",2600,21423,"₹5.57 Cr"
"P03","Sumadhura Edition","Whitefield","2 BHK",1150,20783,"₹2.39 Cr"
"P03","Sumadhura Edition","Whitefield","3 BHK",1875,21227,"₹3.98 Cr"
"P03","Sumadhura Edition","Whitefield","4 BHK",2600,21423,"₹5.57 Cr"
"P04","Sumadhura Folium","Whitefield","2 BHK",1150,20783,"₹2.39 Cr"
"P04","Sumadhura Folium","Whitefield","3 BHK",1875,21227,"₹3.98 Cr"
"P04","Sumadhura Folium","Whitefield","4 BHK",2600,21423,"₹5.57 Cr"
"P05","Vaswani Starlight","Whitefield","2 BHK",1150,19130,"₹2.20 Cr"
"P05","Vaswani Starlight","Whitefield","3 BHK",1875,19520,"₹3.66 Cr"
"P05","Vaswani Starlight","Whitefield","4 BHK",2600,19692,"₹5.12 Cr"
"P06","Sumadhura Capitol Residences","Whitefield","2 BHK",1150,20783,"₹2.39 Cr"
"P06","Sumadhura Capitol Residences","Whitefield","3 BHK",1875,21227,"₹3.98 Cr"
"P06","Sumadhura Capitol Residences","Whitefield","4 BHK",2600,21423,"₹5.57 Cr"
"P07","Mahindra Blossom","Whitefield","2 BHK",1150,20783,"₹2.39 Cr"
"P07","Mahindra Blossom","Whitefield","3 BHK",1875,21227,"₹3.98 Cr"
"P07","Mahindra Blossom","Whitefield","4 BHK",2600,21423,"₹5.57 Cr"
"P08","Sumadhura Sarang","Whitefield","2 BHK",1150,20783,"₹2.39 Cr"
"P08","Sumadhura Sarang","Whitefield","3 BHK",1875,21227,"₹3.98 Cr"
"P08","Sumadhura Sarang","Whitefield","4 BHK",2600,21423,"₹5.57 Cr"
"P09","Sattva Songbird","Budigere Cross","2 BHK Small",950,13579,"₹1.29 Cr"
"P09","Sattva Songbird","Budigere Cross","2 BHK Large",1400,15000,"₹2.10 Cr"
"P09","Sattva Songbird","Budigere Cross","3 BHK",1850,15730,"₹2.91 Cr"
"P10","Brigade Lakecrest","KR Puram","2 BHK",1150,11565,"₹1.33 Cr"
"P10","Brigade Lakecrest","KR Puram","3 BHK",1875,12747,"₹2.39 Cr"
"P10","Brigade Lakecrest","KR Puram","4 BHK",2600,13269,"₹3.45 Cr"
"P11","Brigade Metropolis","Mahadevapura","2 BHK Small",950,20105,"₹1.91 Cr"
"P11","Brigade Metropolis","Mahadevapura","2 BHK Large",1400,20714,"₹2.90 Cr"
"P11","Brigade Metropolis","Mahadevapura","3 BHK",1850,21027,"₹3.89 Cr"
"P12","Godrej Splendour","Whitefield","2 BHK",1150,23304,"₹2.68 Cr"
"P12","Godrej Splendour","Whitefield","3 BHK",1875,23787,"₹4.46 Cr"
"P12","Godrej Splendour","Whitefield","4 BHK",2600,24000,"₹6.24 Cr"
"P13","Godrej United","Mahadevapura","2 BHK",1150,13391,"₹1.54 Cr"
"P13","Godrej United","Mahadevapura","3 BHK",1875,14987,"₹2.81 Cr"
"P13","Godrej United","Mahadevapura","4 BHK",2600,15692,"₹4.08 Cr"
"P14","Prestige Park Grove / The Residences","KR Puram","2 BHK Small",950,14421,"₹1.37 Cr"
"P14","Prestige Park Grove / The Residences","KR Puram","2 BHK Large",1400,16500,"₹2.31 Cr"
"P14","Prestige Park Grove / The Residences","KR Puram","3 BHK",1850,17568,"₹3.25 Cr"
"P15","Sattva Celesta","KR Puram","2 BHK Small",950,12842,"₹1.22 Cr"
"P15","Sattva Celesta","KR Puram","2 BHK Large",1400,14714,"₹2.06 Cr"
"P15","Sattva Celesta","KR Puram","3 BHK",1850,15676,"₹2.90 Cr"
"P16","Sattva Celesta expansion / Phase 2","KR Puram","2 BHK",1150,11565,"₹1.33 Cr"
"P16","Sattva Celesta expansion / Phase 2","KR Puram","3 BHK",1875,12747,"₹2.39 Cr"
"P16","Sattva Celesta expansion / Phase 2","KR Puram","4 BHK",2600,13269,"₹3.45 Cr"
"P17","Assetz Marq / later phases","Mahadevapura","2 BHK Small",950,12211,"₹1.16 Cr"
"P17","Assetz Marq / later phases","Mahadevapura","2 BHK Large",1400,14214,"₹1.99 Cr"
"P17","Assetz Marq / later phases","Mahadevapura","3 BHK",1850,15243,"₹2.82 Cr"
"P18","Assetz Sun & Sanctum","KR Puram","2 BHK Small",950,10632,"₹1.01 Cr"
"P18","Assetz Sun & Sanctum","KR Puram","2 BHK Large",1400,12143,"₹1.70 Cr"
"P18","Assetz Sun & Sanctum","KR Puram","3 BHK",1850,12919,"₹2.39 Cr"
"P19","Shriram Blue","KR Puram","2 BHK",1150,9478,"₹1.09 Cr"
"P19","Shriram Blue","KR Puram","3 BHK",1875,10453,"₹1.96 Cr"
"P19","Shriram Blue","KR Puram","4 BHK",2600,10885,"₹2.83 Cr"
"P20","SOBHA Lake Gardens","KR Puram","2 BHK Small",950,14421,"₹1.37 Cr"
"P20","SOBHA Lake Gardens","KR Puram","2 BHK Large",1400,16500,"₹2.31 Cr"
"P20","SOBHA Lake Gardens","KR Puram","3 BHK",1850,17568,"₹3.25 Cr"
"P21","Concorde Auriga","KR Puram","2 BHK Small",950,14211,"₹1.35 Cr"
"P21","Concorde Auriga","KR Puram","2 BHK Large",1400,14500,"₹2.03 Cr"
"P21","Concorde Auriga","KR Puram","3 BHK",1850,14649,"₹2.71 Cr"
"P22","Casagrand Meridian","KR Puram","2 BHK",1150,9478,"₹1.09 Cr"
"P22","Casagrand Meridian","KR Puram","3 BHK",1875,10453,"₹1.96 Cr"
"P22","Casagrand Meridian","KR Puram","4 BHK",2600,10885,"₹2.83 Cr"
"P23","Pride Euphora","KR Puram","2 BHK Small",950,10632,"₹1.01 Cr"
"P23","Pride Euphora","KR Puram","2 BHK Large",1400,12143,"₹1.70 Cr"
"P23","Pride Euphora","KR Puram","3 BHK",1850,12919,"₹2.39 Cr"
"P24","DSR White Waters II","KR Puram","2 BHK Small",950,10632,"₹1.01 Cr"
"P24","DSR White Waters II","KR Puram","2 BHK Large",1400,12143,"₹1.70 Cr"
"P24","DSR White Waters II","KR Puram","3 BHK",1850,12919,"₹2.39 Cr"
"P25","Sattva Magnificia","KR Puram","2 BHK",1150,11565,"₹1.33 Cr"
"P25","Sattva Magnificia","KR Puram","3 BHK",1875,12747,"₹2.39 Cr"
"P25","Sattva Magnificia","KR Puram","4 BHK",2600,13269,"₹3.45 Cr"
"P26","Brigade Belvedere","Budigere Cross","2 BHK Small",950,18316,"₹1.74 Cr"
"P26","Brigade Belvedere","Budigere Cross","2 BHK Large",1400,18000,"₹2.52 Cr"
"P26","Brigade Belvedere","Budigere Cross","3 BHK",1850,17838,"₹3.30 Cr"
"P27","Brigade Calista","Budigere Cross","2 BHK Small",950,13579,"₹1.29 Cr"
"P27","Brigade Calista","Budigere Cross","2 BHK Large",1400,15000,"₹2.10 Cr"
"P27","Brigade Calista","Budigere Cross","3 BHK",1850,15730,"₹2.91 Cr"
"P28","Brigade Citrine","Budigere Cross","2 BHK",1150,12174,"₹1.40 Cr"
"P28","Brigade Citrine","Budigere Cross","3 BHK",1875,12960,"₹2.43 Cr"
"P28","Brigade Citrine","Budigere Cross","4 BHK",2600,13308,"₹3.46 Cr"
"P29","Sattva Bliss","Budigere Cross","2 BHK Small",950,13579,"₹1.29 Cr"
"P29","Sattva Bliss","Budigere Cross","2 BHK Large",1400,15000,"₹2.10 Cr"
"P29","Sattva Bliss","Budigere Cross","3 BHK",1850,15730,"₹2.91 Cr"
"P30","Godrej Woodscapes","Budigere Cross","2 BHK Small",950,13579,"₹1.29 Cr"
"P30","Godrej Woodscapes","Budigere Cross","2 BHK Large",1400,15000,"₹2.10 Cr"
"P30","Godrej Woodscapes","Budigere Cross","3 BHK",1850,15730,"₹2.91 Cr"
"P31","One Residences at SOBHA OneWorld","Budigere Cross","2 BHK",1150,13565,"₹1.56 Cr"
"P31","One Residences at SOBHA OneWorld","Budigere Cross","3 BHK",1875,14453,"₹2.71 Cr"
"P31","One Residences at SOBHA OneWorld","Budigere Cross","4 BHK",2600,14846,"₹3.86 Cr"
"P32","Concorde Eleve","Budigere Cross","2 BHK Small",950,11158,"₹1.06 Cr"
"P32","Concorde Eleve","Budigere Cross","2 BHK Large",1400,12286,"₹1.72 Cr"
"P32","Concorde Eleve","Budigere Cross","3 BHK",1850,12865,"₹2.38 Cr"
"P33","Ohana Crown","Budigere Cross","2 BHK Small",950,11158,"₹1.06 Cr"
"P33","Ohana Crown","Budigere Cross","2 BHK Large",1400,12286,"₹1.72 Cr"
"P33","Ohana Crown","Budigere Cross","3 BHK",1850,12865,"₹2.38 Cr"
"P34","Assetz Bloom & Dell","Budigere Cross","2 BHK",1150,10000,"₹1.15 Cr"
"P34","Assetz Bloom & Dell","Budigere Cross","3 BHK",1875,10613,"₹1.99 Cr"
"P34","Assetz Bloom & Dell","Budigere Cross","4 BHK",2600,10885,"₹2.83 Cr"
"P35","Bren Aspera","Budigere Cross","2 BHK Small",950,11158,"₹1.06 Cr"
"P35","Bren Aspera","Budigere Cross","2 BHK Large",1400,12286,"₹1.72 Cr"
"P35","Bren Aspera","Budigere Cross","3 BHK",1850,12865,"₹2.38 Cr"
"P36","NVT Under the Open Sky","Budigere Cross","2 BHK Small",950,15053,"₹1.43 Cr"
"P36","NVT Under the Open Sky","Budigere Cross","2 BHK Large",1400,14786,"₹2.07 Cr"
"P36","NVT Under the Open Sky","Budigere Cross","3 BHK",1850,14649,"₹2.71 Cr"
"P37","Aratt Avant Twilight","Budigere Cross","2 BHK",1150,10000,"₹1.15 Cr"
"P37","Aratt Avant Twilight","Budigere Cross","3 BHK",1875,10613,"₹1.99 Cr"
"P37","Aratt Avant Twilight","Budigere Cross","4 BHK",2600,10885,"₹2.83 Cr"
"P38","SBR Magnus","Budigere Cross","2 BHK Small",950,11158,"₹1.06 Cr"
"P38","SBR Magnus","Budigere Cross","2 BHK Large",1400,12286,"₹1.72 Cr"
"P38","SBR Magnus","Budigere Cross","3 BHK",1850,12865,"₹2.38 Cr"
"P39","Alembic Cloud Forest / Alembic City residential","Whitefield","2 BHK",1150,19130,"₹2.20 Cr"
"P39","Alembic Cloud Forest / Alembic City residential","Whitefield","3 BHK",1875,19520,"₹3.66 Cr"
"P39","Alembic Cloud Forest / Alembic City residential","Whitefield","4 BHK",2600,19692,"₹5.12 Cr"
"P40","Evergreen at Prestige Raintree Park","Varthur","2 BHK",1150,16957,"₹1.95 Cr"
"P40","Evergreen at Prestige Raintree Park","Varthur","3 BHK",1875,17333,"₹3.25 Cr"
"P40","Evergreen at Prestige Raintree Park","Varthur","4 BHK",2600,17500,"₹4.55 Cr"
"P41","Prestige Somerville","Whitefield","2 BHK",1150,26000,"₹2.99 Cr"
"P41","Prestige Somerville","Whitefield","3 BHK",1875,26560,"₹4.98 Cr"
"P41","Prestige Somerville","Whitefield","4 BHK",2600,26808,"₹6.97 Cr"
"P42","Prestige Glenbrook","Whitefield","2 BHK",1150,26000,"₹2.99 Cr"
"P42","Prestige Glenbrook","Whitefield","3 BHK",1875,26560,"₹4.98 Cr"
"P42","Prestige Glenbrook","Whitefield","4 BHK",2600,26808,"₹6.97 Cr"
"P43","Prestige Pine Forest","Whitefield","2 BHK",1150,26000,"₹2.99 Cr"
"P43","Prestige Pine Forest","Whitefield","3 BHK",1875,26560,"₹4.98 Cr"
"P43","Prestige Pine Forest","Whitefield","4 BHK",2600,26808,"₹6.97 Cr"
"P44","Orchid Platinum","Whitefield","2 BHK",1150,19130,"₹2.20 Cr"
"P44","Orchid Platinum","Whitefield","3 BHK",1875,19520,"₹3.66 Cr"
"P44","Orchid Platinum","Whitefield","4 BHK",2600,19692,"₹5.12 Cr"
"P45","Birla Alokya","Whitefield","2 BHK",1150,19130,"₹2.20 Cr"
"P45","Birla Alokya","Whitefield","3 BHK",1875,19520,"₹3.66 Cr"
"P45","Birla Alokya","Whitefield","4 BHK",2600,19692,"₹5.12 Cr"
"P46","Pursuit of a Radical Rhapsody","Whitefield","2 BHK",1150,26000,"₹2.99 Cr"
"P46","Pursuit of a Radical Rhapsody","Whitefield","3 BHK",1875,26560,"₹4.98 Cr"
"P46","Pursuit of a Radical Rhapsody","Whitefield","4 BHK",2600,26808,"₹6.97 Cr"
"P47","DSR Evoq","Whitefield","2 BHK",1150,19130,"₹2.20 Cr"
"P47","DSR Evoq","Whitefield","3 BHK",1875,19520,"₹3.66 Cr"
"P47","DSR Evoq","Whitefield","4 BHK",2600,19692,"₹5.12 Cr"
"P48","Pavani Mirabilia","Whitefield","2 BHK",1150,19130,"₹2.20 Cr"
"P48","Pavani Mirabilia","Whitefield","3 BHK",1875,19520,"₹3.66 Cr"
"P48","Pavani Mirabilia","Whitefield","4 BHK",2600,19692,"₹5.12 Cr"
"P49","SBR One Residence","Whitefield","2 BHK",1150,19130,"₹2.20 Cr"
"P49","SBR One Residence","Whitefield","3 BHK",1875,19520,"₹3.66 Cr"
"P49","SBR One Residence","Whitefield","4 BHK",2600,19692,"₹5.12 Cr"
"P50","Prestige Serenity Shores","Varthur","2 BHK Small",950,18947,"₹1.80 Cr"
"P50","Prestige Serenity Shores","Varthur","2 BHK Large",1400,20071,"₹2.81 Cr"
"P50","Prestige Serenity Shores","Varthur","3 BHK",1850,20649,"₹3.82 Cr"
"P51","Prestige Lavender Fields","Varthur","2 BHK Small",950,25474,"₹2.42 Cr"
"P51","Prestige Lavender Fields","Varthur","2 BHK Large",1400,24143,"₹3.38 Cr"
"P51","Prestige Lavender Fields","Varthur","3 BHK",1850,23459,"₹4.34 Cr"
"P52","Brigade Cornerstone Utopia","Varthur","2 BHK",1150,15217,"₹1.75 Cr"
"P52","Brigade Cornerstone Utopia","Varthur","3 BHK",1875,15520,"₹2.91 Cr"
"P52","Brigade Cornerstone Utopia","Varthur","4 BHK",2600,15654,"₹4.07 Cr"
"P53","Adarsh Park Heights","Varthur","2 BHK Small",950,13895,"₹1.32 Cr"
"P53","Adarsh Park Heights","Varthur","2 BHK Large",1400,14786,"₹2.07 Cr"
"P53","Adarsh Park Heights","Varthur","3 BHK",1850,15243,"₹2.82 Cr"
"P54","Assetz 66 & Shibui","Varthur","2 BHK Small",950,13895,"₹1.32 Cr"
"P54","Assetz 66 & Shibui","Varthur","2 BHK Large",1400,14786,"₹2.07 Cr"
"P54","Assetz 66 & Shibui","Varthur","3 BHK",1850,15243,"₹2.82 Cr"
"P55","Assetz 63 Degree East","Varthur","2 BHK",1150,12522,"₹1.44 Cr"
"P55","Assetz 63 Degree East","Varthur","3 BHK",1875,12747,"₹2.39 Cr"
"P55","Assetz 63 Degree East","Varthur","4 BHK",2600,12846,"₹3.34 Cr"
"P56","Candeur Rise","Varthur","2 BHK Small",950,18737,"₹1.78 Cr"
"P56","Candeur Rise","Varthur","2 BHK Large",1400,17786,"₹2.49 Cr"
"P56","Candeur Rise","Varthur","3 BHK",1850,17297,"₹3.20 Cr"
"P57","Candeur Signature","Varthur","2 BHK Small",950,13895,"₹1.32 Cr"
"P57","Candeur Signature","Varthur","2 BHK Large",1400,14786,"₹2.07 Cr"
"P57","Candeur Signature","Varthur","3 BHK",1850,15243,"₹2.82 Cr"
"P58","DNR Atmosphere","Varthur","2 BHK",1150,12522,"₹1.44 Cr"
"P58","DNR Atmosphere","Varthur","3 BHK",1875,12747,"₹2.39 Cr"
"P58","DNR Atmosphere","Varthur","4 BHK",2600,12846,"₹3.34 Cr"
"P59","SOBHA Dream Acres","Panathur","2 BHK Small",950,16632,"₹1.58 Cr"
"P59","SOBHA Dream Acres","Panathur","2 BHK Large",1400,18429,"₹2.58 Cr"
"P59","SOBHA Dream Acres","Panathur","3 BHK",1850,19351,"₹3.58 Cr"
"P60","SOBHA Neopolis","Panathur","2 BHK Small",950,16632,"₹1.58 Cr"
"P60","SOBHA Neopolis","Panathur","2 BHK Large",1400,18429,"₹2.58 Cr"
"P60","SOBHA Neopolis","Panathur","3 BHK",1850,19351,"₹3.58 Cr"
"P61","SOBHA Sentosa","Varthur","2 BHK",1150,16957,"₹1.95 Cr"
"P61","SOBHA Sentosa","Varthur","3 BHK",1875,17333,"₹3.25 Cr"
"P61","SOBHA Sentosa","Varthur","4 BHK",2600,17500,"₹4.55 Cr"
"P62","Modern Spaaces Engrace","Varthur","2 BHK Small",950,13895,"₹1.32 Cr"
"P62","Modern Spaaces Engrace","Varthur","2 BHK Large",1400,14786,"₹2.07 Cr"
"P62","Modern Spaaces Engrace","Varthur","3 BHK",1850,15243,"₹2.82 Cr"
"P63","Ecolife Elements of Nature","Varthur","2 BHK Small",950,13895,"₹1.32 Cr"
"P63","Ecolife Elements of Nature","Varthur","2 BHK Large",1400,14786,"₹2.07 Cr"
"P63","Ecolife Elements of Nature","Varthur","3 BHK",1850,15243,"₹2.82 Cr"
"P64","Spectra Parijatha","Varthur","2 BHK",1150,12522,"₹1.44 Cr"
"P64","Spectra Parijatha","Varthur","3 BHK",1875,12747,"₹2.39 Cr"
"P64","Spectra Parijatha","Varthur","4 BHK",2600,12846,"₹3.34 Cr"
"P65","Orchid Life","Varthur","2 BHK Small",950,13895,"₹1.32 Cr"
"P65","Orchid Life","Varthur","2 BHK Large",1400,14786,"₹2.07 Cr"
"P65","Orchid Life","Varthur","3 BHK",1850,15243,"₹2.82 Cr"
"P66","Mana Dale","Varthur","2 BHK Small",950,18737,"₹1.78 Cr"
"P66","Mana Dale","Varthur","2 BHK Large",1400,17786,"₹2.49 Cr"
"P66","Mana Dale","Varthur","3 BHK",1850,17297,"₹3.20 Cr"
"P67","Provident Botanico","Whitefield","2 BHK",1150,19130,"₹2.20 Cr"
"P67","Provident Botanico","Whitefield","3 BHK",1875,19520,"₹3.66 Cr"
"P67","Provident Botanico","Whitefield","4 BHK",2600,19692,"₹5.12 Cr"
"P68","Purva Tivoli Hills","Devanahalli","2 BHK Small",950,10211,"₹97 Lakhs"
"P68","Purva Tivoli Hills","Devanahalli","2 BHK Large",1400,12714,"₹1.78 Cr"
"P68","Purva Tivoli Hills","Devanahalli","3 BHK",1850,14000,"₹2.59 Cr"
"P69","Brigade Oasis","Devanahalli","2 BHK Small",950,10211,"₹97 Lakhs"
"P69","Brigade Oasis","Devanahalli","2 BHK Large",1400,12714,"₹1.78 Cr"
"P69","Brigade Oasis","Devanahalli","3 BHK",1850,14000,"₹2.59 Cr"
"P70","Prestige Gardenia Estate","Devanahalli","2 BHK",1150,10174,"₹1.17 Cr"
"P70","Prestige Gardenia Estate","Devanahalli","3 BHK",1875,12320,"₹2.31 Cr"
"P70","Prestige Gardenia Estate","Devanahalli","4 BHK",2600,13269,"₹3.45 Cr"
"P71","Sumadhura Panorama","Devanahalli","2 BHK Small",950,12211,"₹1.16 Cr"
"P71","Sumadhura Panorama","Devanahalli","2 BHK Large",1400,13571,"₹1.90 Cr"
"P71","Sumadhura Panorama","Devanahalli","3 BHK",1850,14270,"₹2.64 Cr"
"P72","Godrej Reserve","Devanahalli","2 BHK Small",950,10211,"₹97 Lakhs"
"P72","Godrej Reserve","Devanahalli","2 BHK Large",1400,12714,"₹1.78 Cr"
"P72","Godrej Reserve","Devanahalli","3 BHK",1850,14000,"₹2.59 Cr"
"P73","Century Trails","Devanahalli","2 BHK",1150,8174,"₹94 Lakhs"
"P73","Century Trails","Devanahalli","3 BHK",1875,9867,"₹1.85 Cr"
"P73","Century Trails","Devanahalli","4 BHK",2600,10615,"₹2.76 Cr"
"P74","Total Environment Tangled Up in Green","Doddaballapur Road","2 BHK Small",950,12105,"₹1.15 Cr"
"P74","Total Environment Tangled Up in Green","Doddaballapur Road","2 BHK Large",1400,14214,"₹1.99 Cr"
"P74","Total Environment Tangled Up in Green","Doddaballapur Road","3 BHK",1850,15297,"₹2.83 Cr"
"P75","Godrej Aravya Estate","Doddaballapur Road","2 BHK Small",950,10842,"₹1.03 Cr"
"P75","Godrej Aravya Estate","Doddaballapur Road","2 BHK Large",1400,12714,"₹1.78 Cr"
"P75","Godrej Aravya Estate","Doddaballapur Road","3 BHK",1850,13676,"₹2.53 Cr"
"P76","Tata Swaram","Shettigere","2 BHK",1150,8000,"₹92 Lakhs"
"P76","Tata Swaram","Shettigere","3 BHK",1875,9493,"₹1.78 Cr"
"P76","Tata Swaram","Shettigere","4 BHK",2600,10154,"₹2.64 Cr"
"P77","Sattva Ekatra","Doddaballapur Road","2 BHK Small",950,10842,"₹1.03 Cr"
"P77","Sattva Ekatra","Doddaballapur Road","2 BHK Large",1400,12714,"₹1.78 Cr"
"P77","Sattva Ekatra","Doddaballapur Road","3 BHK",1850,13676,"₹2.53 Cr"
"P79","Assetz The Secret Lake","Devanahalli","2 BHK Small",950,8316,"₹79 Lakhs"
"P79","Assetz The Secret Lake","Devanahalli","2 BHK Large",1400,10429,"₹1.46 Cr"
"P79","Assetz The Secret Lake","Devanahalli","3 BHK",1850,11514,"₹2.13 Cr"
"P80","Sattva Bhumi","Devanahalli","2 BHK",1150,9130,"₹1.05 Cr"
"P80","Sattva Bhumi","Devanahalli","3 BHK",1875,11040,"₹2.07 Cr"
"P80","Sattva Bhumi","Devanahalli","4 BHK",2600,11885,"₹3.09 Cr"
"P81","Adarsh Savana","Devanahalli","2 BHK Small",950,8316,"₹79 Lakhs"
"P81","Adarsh Savana","Devanahalli","2 BHK Large",1400,10429,"₹1.46 Cr"
"P81","Adarsh Savana","Devanahalli","3 BHK",1850,11514,"₹2.13 Cr"
"P82","Embassy Springs","Devanahalli","2 BHK Small",950,11263,"₹1.07 Cr"
"P82","Embassy Springs","Devanahalli","2 BHK Large",1400,12500,"₹1.75 Cr"
"P82","Embassy Springs","Devanahalli","3 BHK",1850,13135,"₹2.43 Cr"
"P83","Century Seasons","Devanahalli","2 BHK",1150,8174,"₹94 Lakhs"
"P83","Century Seasons","Devanahalli","3 BHK",1875,9867,"₹1.85 Cr"
"P83","Century Seasons","Devanahalli","4 BHK",2600,10615,"₹2.76 Cr"
"P84","Assetz Promise of Spring","Devanahalli","2 BHK Small",950,8316,"₹79 Lakhs"
"P84","Assetz Promise of Spring","Devanahalli","2 BHK Large",1400,10429,"₹1.46 Cr"
"P84","Assetz Promise of Spring","Devanahalli","3 BHK",1850,11514,"₹2.13 Cr"
"P85","Century Eden","Doddaballapur Road","2 BHK Small",950,9684,"₹92 Lakhs"
"P85","Century Eden","Doddaballapur Road","2 BHK Large",1400,11357,"₹1.59 Cr"
"P85","Century Eden","Doddaballapur Road","3 BHK",1850,12216,"₹2.26 Cr"
"P86","Riviera Uno","Whitefield","2 BHK",1150,19130,"₹2.20 Cr"
"P86","Riviera Uno","Whitefield","3 BHK",1875,19520,"₹3.66 Cr"
"P86","Riviera Uno","Whitefield","4 BHK",2600,19692,"₹5.12 Cr"
"P87","Prestige Marigold","Devanahalli","2 BHK Small",950,15263,"₹1.45 Cr"
"P87","Prestige Marigold","Devanahalli","2 BHK Large",1400,16929,"₹2.37 Cr"
"P87","Prestige Marigold","Devanahalli","3 BHK",1850,17784,"₹3.29 Cr"
"P88","Century Greens","Kantanakunte","2 BHK Small",950,3053,"₹29 Lakhs"
"P88","Century Greens","Kantanakunte","2 BHK Large",1400,5071,"₹71 Lakhs"
"P88","Century Greens","Kantanakunte","3 BHK",1850,6108,"₹1.13 Cr"
"P89","Century Mirasol","Rajanukunte","2 BHK",1150,7391,"₹85 Lakhs"
"P89","Century Mirasol","Rajanukunte","3 BHK",1875,8747,"₹1.64 Cr"
"P89","Century Mirasol","Rajanukunte","4 BHK",2600,9346,"₹2.43 Cr"
"P90","Sattva Lumina","Rajanukunte","2 BHK Small",950,9263,"₹88 Lakhs"
"P90","Sattva Lumina","Rajanukunte","2 BHK Large",1400,11286,"₹1.58 Cr"
"P90","Sattva Lumina","Rajanukunte","3 BHK",1850,12324,"₹2.28 Cr"
"P91","Tata Carnatica (Raaga & Svasa)","Shettigere","2 BHK Small",950,8947,"₹85 Lakhs"
"P91","Tata Carnatica (Raaga & Svasa)","Shettigere","2 BHK Large",1400,10929,"₹1.53 Cr"
"P91","Tata Carnatica (Raaga & Svasa)","Shettigere","3 BHK",1850,11946,"₹2.21 Cr"
"P92","Birla Trimaya","Shettigere","2 BHK",1150,8000,"₹92 Lakhs"
"P92","Birla Trimaya","Shettigere","3 BHK",1875,9493,"₹1.78 Cr"
"P92","Birla Trimaya","Shettigere","4 BHK",2600,10154,"₹2.64 Cr"
"P93","Prestige Park Ridge / Aerospace Oasis","Bagalur","2 BHK Small",950,11789,"₹1.12 Cr"
"P93","Prestige Park Ridge / Aerospace Oasis","Bagalur","2 BHK Large",1400,14357,"₹2.01 Cr"
"P93","Prestige Park Ridge / Aerospace Oasis","Bagalur","3 BHK",1850,15676,"₹2.90 Cr"
"P94","Purva Aerocity","Chikkajala","2 BHK Small",950,10211,"₹97 Lakhs"
"P94","Purva Aerocity","Chikkajala","2 BHK Large",1400,12500,"₹1.75 Cr"
"P94","Purva Aerocity","Chikkajala","3 BHK",1850,13676,"₹2.53 Cr"
"P95","Brigade Atmosphere","Devanahalli","2 BHK",1150,9130,"₹1.05 Cr"
"P95","Brigade Atmosphere","Devanahalli","3 BHK",1875,11040,"₹2.07 Cr"
"P95","Brigade Atmosphere","Devanahalli","4 BHK",2600,11885,"₹3.09 Cr"
"P96","Salarpuria Sattva Park Cubix","Devanahalli","2 BHK Small",950,10211,"₹97 Lakhs"
"P96","Salarpuria Sattva Park Cubix","Devanahalli","2 BHK Large",1400,12714,"₹1.78 Cr"
"P96","Salarpuria Sattva Park Cubix","Devanahalli","3 BHK",1850,14000,"₹2.59 Cr"
"P97","Assetz Earth & Essence","Devanahalli","2 BHK Small",950,11263,"₹1.07 Cr"
"P97","Assetz Earth & Essence","Devanahalli","2 BHK Large",1400,12500,"₹1.75 Cr"
"P97","Assetz Earth & Essence","Devanahalli","3 BHK",1850,13135,"₹2.43 Cr"
"P98","Provident Deansgate","Devanahalli","2 BHK",1150,7478,"₹86 Lakhs"
"P98","Provident Deansgate","Devanahalli","3 BHK",1875,9067,"₹1.70 Cr"
"P98","Provident Deansgate","Devanahalli","4 BHK",2600,9769,"₹2.54 Cr"
"P99","Sobha Galera","Budigere Cross","2 BHK Small",950,15158,"₹1.44 Cr"
"P99","Sobha Galera","Budigere Cross","2 BHK Large",1400,16714,"₹2.34 Cr"
"P99","Sobha Galera","Budigere Cross","3 BHK",1850,17514,"₹3.24 Cr"
"P100","Lodha Mirabelle","Thanisandra","2 BHK Small",950,11158,"₹1.06 Cr"
"P100","Lodha Mirabelle","Thanisandra","2 BHK Large",1400,13429,"₹1.88 Cr"
"P100","Lodha Mirabelle","Thanisandra","3 BHK",1850,14595,"₹2.70 Cr"
"P101","Brigade Insignia","Yelahanka","2 BHK",1150,10957,"₹1.26 Cr"
"P101","Brigade Insignia","Yelahanka","3 BHK",1875,12587,"₹2.36 Cr"
"P101","Brigade Insignia","Yelahanka","4 BHK",2600,13308,"₹3.46 Cr"
"P102","Brigade Savannah","Devanahalli","2 BHK Small",950,13684,"₹1.30 Cr"
"P102","Brigade Savannah","Devanahalli","2 BHK Large",1400,15143,"₹2.12 Cr"
"P102","Brigade Savannah","Devanahalli","3 BHK",1850,15892,"₹2.94 Cr"
"P103","Arvind Greatlands","Devanahalli","2 BHK Small",950,8316,"₹79 Lakhs"
"P103","Arvind Greatlands","Devanahalli","2 BHK Large",1400,10429,"₹1.46 Cr"
"P103","Arvind Greatlands","Devanahalli","3 BHK",1850,11514,"₹2.13 Cr"